Words;Count;1985;1986;1987;1988;1989;1990;1991;1992;1993;1994;1995;1996;1997;1998;1999;2000;2001;2002;2003;2004;2005;2006;2007;2008;2009;2010;2011;2012;2013;2014;2015;2016;2017;2018;2019;2020;UpToLast10Year;Last10Year;FirstUsedYear;FirstUsedNum;FirstUsedSeq
data;8985;0;4;5;6;6;6;8;9;9;9;11;11;12;13;15;22;22;40;120;289;432;647;856;1084;1473;1929;2201;2659;3309;3954;4662;5588;6698;7650;8556;8985;1929;7056;1986;4;2
system;8771;5;7;10;14;14;15;16;17;17;17;18;18;19;24;28;29;30;79;163;331;483;702;943;1222;1661;2173;2527;2965;3483;4085;5037;5810;6777;7552;8337;8771;2173;6598;1985;5;9
support;5141;2;2;4;4;4;6;6;7;7;7;7;10;11;13;17;19;20;34;79;144;248;383;544;711;963;1209;1401;1639;1876;2183;2499;2936;3237;3934;4699;5141;1209;3932;1985;2;8
develop;4193;0;0;2;5;5;5;5;6;6;6;6;11;11;13;14;18;19;28;65;129;198;327;467;626;873;1188;1386;1585;1861;2091;2431;2786;3216;3600;4001;4193;1188;3005;1987;2;17
network;4171;1;1;2;3;3;4;4;5;5;5;7;7;7;7;16;16;16;47;118;200;291;426;517;685;954;1219;1390;1606;1853;2210;2587;3023;3339;3720;4055;4171;1219;2952;1985;1;7
technology;3423;0;1;1;1;1;1;1;1;1;1;4;5;7;7;9;15;15;38;87;146;233;323;446;580;786;965;1144;1323;1542;1819;2180;2495;2773;3044;3308;3423;965;2458;1986;1;1
security;3350;0;0;0;0;0;0;0;0;0;0;0;0;0;4;4;4;4;21;105;154;208;245;292;355;451;600;740;911;1152;1383;1722;2109;2535;2904;3233;3350;600;2750;1998;4;2
tool;3316;0;0;0;0;0;1;1;1;1;1;1;2;3;3;4;4;4;16;67;103;182;287;435;612;796;1024;1180;1387;1596;1811;2075;2325;2658;2930;3179;3316;1024;2292;1990;1;6
engineering;2964;1;1;1;3;3;3;3;4;4;4;8;9;13;13;15;15;15;26;52;88;155;252;422;550;745;999;1131;1276;1451;1633;1859;2129;2388;2635;2852;2964;999;1965;1985;1;5
software;2914;1;2;3;3;3;3;3;3;3;3;3;5;5;6;7;7;7;9;23;62;126;181;282;367;461;610;752;950;1157;1382;1649;1956;2218;2565;2804;2914;610;2304;1985;1;1
information;2793;0;0;3;3;3;5;5;6;6;6;9;12;12;13;14;21;27;52;130;203;288;349;448;584;765;964;1114;1270;1433;1577;1802;2042;2264;2503;2719;2793;964;1829;1987;3;14
application;2700;0;0;5;5;5;6;6;6;6;6;8;9;9;11;11;12;12;20;38;83;150;231;351;448;602;786;905;1024;1194;1390;1636;1855;2108;2344;2576;2700;786;1914;1987;5;13
infrastructure;2506;0;0;0;0;0;0;0;0;0;0;2;2;2;2;2;2;2;17;52;116;171;247;311;402;517;641;731;868;1019;1200;1472;1815;2037;2220;2429;2506;641;1865;1995;2;5
cybersecurity;2443;0;0;0;0;0;0;0;0;0;0;0;0;0;0;0;0;0;4;15;29;47;48;61;67;99;117;175;287;419;580;843;1151;1480;1891;2265;2443;117;2326;2002;4;20
cyberinfrastructure;2419;0;0;0;0;0;0;0;0;0;0;0;0;0;0;0;0;0;6;30;76;160;328;460;605;792;1028;1130;1300;1435;1553;1656;1825;1989;2133;2319;2419;1028;1391;2002;6;18
computational;2225;0;0;3;6;6;7;7;9;9;9;12;12;12;12;12;12;12;13;26;48;97;207;274;377;552;711;837;956;1084;1214;1352;1588;1765;1916;2126;2225;711;1514;1987;3;11
workshop;2206;0;0;0;0;0;0;0;1;1;1;1;1;1;9;9;9;9;19;85;139;184;311;459;586;678;824;919;1086;1247;1393;1542;1738;1835;1989;2135;2206;824;1382;1992;1;1
analysis;2162;1;4;4;5;5;5;6;7;7;7;8;8;10;11;13;20;20;35;50;72;119;180;232;296;428;556;645;757;935;1114;1311;1503;1699;1864;2076;2162;556;1606;1985;1;4
computer;2082;3;5;10;12;12;15;15;16;16;16;18;23;25;29;43;44;45;67;100;141;183;253;330;427;529;650;740;875;970;1107;1253;1427;1598;1797;1962;2082;650;1432;1985;3;6
environment;1873;0;0;0;1;1;1;1;1;1;1;3;6;6;6;7;7;9;17;39;68;108;149;201;282;414;529;616;762;896;1007;1187;1359;1542;1677;1814;1873;529;1344;1988;1;3
program;1697;0;0;7;7;7;8;8;8;8;8;8;10;10;11;11;11;12;21;43;68;114;164;214;254;361;477;553;662;775;882;1036;1198;1315;1482;1626;1697;477;1220;1987;7;8
technique;1507;2;4;8;12;12;12;13;13;13;13;13;13;15;18;19;19;19;20;29;36;61;98;140;199;274;399;449;506;627;725;853;980;1136;1295;1441;1507;399;1108;1985;2;2
simulation;1501;0;0;0;0;0;2;2;2;2;2;4;4;4;6;7;7;7;7;18;26;59;125;211;273;356;444;529;644;718;778;852;997;1123;1294;1423;1501;444;1057;1990;2;5
framework;1480;0;0;0;1;1;1;1;1;1;1;1;2;2;2;2;2;2;4;22;47;55;85;119;160;227;311;372;448;531;617;750;882;1032;1206;1402;1480;311;1169;1988;1;1
critical;1387;0;0;0;0;0;0;0;0;0;0;0;0;0;0;0;2;3;10;26;49;78;117;152;202;264;333;372;454;547;642;780;964;1107;1228;1341;1387;333;1054;2000;2;4
algorithm;1344;0;0;0;5;5;5;5;5;5;5;5;5;7;7;7;7;7;9;19;27;53;74;88;126;206;275;306;352;424;483;596;723;914;1062;1242;1344;275;1069;1988;5;2
service;1338;0;0;0;0;0;0;0;0;0;0;0;0;4;4;5;5;8;20;40;72;116;132;220;259;340;433;510;579;671;752;853;974;1076;1192;1298;1338;433;905;1997;4;1
device;1310;2;2;2;2;2;2;2;2;2;2;3;6;6;8;8;10;10;10;20;23;25;38;59;102;156;224;256;356;465;567;716;863;983;1141;1273;1310;224;1086;1985;2;3
performance;1303;0;0;1;1;1;1;1;1;1;1;1;1;2;2;2;2;2;4;13;43;66;85;146;190;266;320;370;407;479;582;712;829;978;1110;1242;1303;320;983;1987;1;4
communication;1208;0;0;1;1;1;1;1;1;1;1;3;9;9;9;10;13;14;30;49;59;70;91;134;180;241;313;376;429;523;603;737;835;948;1075;1174;1208;313;895;1987;1;2
platform;1152;0;0;0;0;0;0;0;0;0;0;0;0;0;0;0;0;0;0;3;10;14;31;60;94;140;196;252;303;392;485;608;710;852;985;1119;1152;196;956;2003;3;12
dynamic;1145;0;0;1;2;2;3;3;4;4;4;4;4;4;6;6;6;6;13;18;23;41;83;122;182;249;314;369;412;489;551;665;765;888;978;1100;1145;314;831;1987;1;3
test;1069;0;0;0;0;0;0;0;0;0;0;0;1;1;2;3;9;12;14;19;40;56;85;108;145;218;265;327;386;445;519;615;747;881;973;1046;1069;265;804;1996;1;2
attack;1036;0;0;0;0;0;0;0;0;0;0;0;0;0;0;0;0;0;8;28;48;60;90;110;139;170;200;243;267;317;376;478;573;749;894;990;1036;200;836;2002;8;19
technical;901;0;0;0;0;0;1;1;1;1;1;1;1;1;1;3;3;3;5;15;28;43;74;108;146;191;240;275;320;379;425;498;578;666;760;831;901;240;661;1990;1;3
online;858;0;0;0;0;0;0;0;0;0;0;0;0;0;0;6;6;6;6;10;13;20;28;42;64;115;165;196;261;336;416;513;578;655;736;818;858;165;693;1999;6;1
secure;776;0;0;0;0;0;0;0;0;0;0;0;0;0;0;0;0;0;10;16;24;41;47;57;71;112;135;147;178;219;275;346;436;543;649;730;776;135;641;2002;10;11
machine;725;0;0;3;5;5;5;5;5;5;5;5;5;5;5;5;5;5;5;11;12;18;23;27;38;64;93;108;122;154;178;245;318;402;501;657;725;93;632;1987;3;10
internet;720;0;0;0;0;0;0;0;0;0;0;0;0;0;1;3;5;5;26;33;69;79;93;109;135;176;212;244;272;323;384;432;482;564;633;693;720;212;508;1998;1;3
target;656;0;0;0;0;0;0;0;0;0;0;0;0;0;0;2;4;4;7;15;23;32;44;71;89;119;168;212;236;280;322;373;424;500;574;637;656;168;488;1999;2;2
global;650;0;0;1;1;1;1;1;1;1;1;1;1;1;1;1;1;1;2;6;21;37;63;89;109;188;252;289;321;363;400;463;510;557;595;632;650;252;398;1987;1;1
visualization;639;0;0;0;0;0;0;0;1;1;1;2;3;3;3;3;3;3;3;17;27;43;60;91;137;191;269;298;348;416;469;507;548;576;606;625;639;269;370;1992;1;2
detection;625;0;0;0;0;0;0;0;0;0;0;0;0;0;0;0;0;0;1;15;41;51;61;63;69;99;148;162;180;220;243;304;380;453;532;597;625;148;477;2002;1;2
cloud;624;0;0;0;0;0;0;0;0;0;0;0;0;0;0;0;0;0;0;0;0;0;0;1;1;19;68;109;142;181;252;310;391;455;552;599;624;68;556;2007;1;2
grid;624;0;0;0;0;0;0;0;0;0;0;0;0;0;0;0;0;0;1;24;32;59;94;120;126;160;190;216;255;274;286;351;392;475;528;602;624;190;434;2002;1;1
innovative;621;0;0;1;1;1;1;1;1;1;1;1;3;3;3;3;3;3;4;8;13;30;44;68;89;127;163;195;242;270;326;399;447;487;546;597;621;163;458;1987;1;5
hardware;619;0;0;0;0;0;0;0;0;0;0;0;1;1;1;2;2;2;2;6;14;22;26;36;51;72;97;117;141;196;249;295;352;440;500;590;619;97;522;1996;1;3
monitoring;602;0;0;0;0;0;0;0;0;0;0;0;0;0;0;0;0;0;1;10;16;17;26;33;49;85;112;145;173;220;276;362;411;472;519;570;602;112;490;2002;1;7
privacy;594;0;0;0;0;0;0;0;0;0;0;0;0;0;0;0;0;0;0;1;3;17;18;20;35;63;80;102;133;145;186;239;315;383;462;548;594;80;514;2003;1;14
innovation;581;0;0;0;0;0;0;0;0;0;0;0;0;0;0;0;0;0;0;2;3;14;21;33;60;97;119;147;191;230;277;338;386;442;503;551;581;119;462;2003;2;15
code;564;0;0;1;4;4;4;4;4;4;4;4;4;4;4;4;4;4;5;7;9;15;35;67;81;92;131;149;182;210;245;281;335;399;456;533;564;131;433;1987;1;6
task;558;0;0;0;0;0;1;1;1;1;1;1;1;1;1;1;1;1;3;8;18;21;25;43;77;111;136;149;177;206;240;291;359;402;484;541;558;136;422;1990;1;4
function;534;0;0;1;1;1;1;3;3;3;3;3;3;3;3;4;7;7;8;14;20;28;37;60;87;131;161;184;207;235;265;301;355;410;453;490;534;161;373;1987;1;9
database;530;0;0;0;0;0;0;0;0;0;0;0;0;0;0;0;2;2;12;40;46;74;102;121;160;197;241;258;291;312;347;387;415;461;485;514;530;241;289;2000;2;3
sensor;522;0;0;0;0;0;0;0;0;0;0;0;0;0;1;1;1;1;2;7;11;20;27;33;58;99;127;140;153;186;217;286;357;420;454;504;522;127;395;1998;1;4
threat;480;0;0;0;0;0;0;0;0;0;0;0;0;0;0;0;0;0;0;4;13;15;27;28;35;47;66;80;96;134;158;211;285;344;399;458;480;66;414;2003;4;16
cps;458;0;0;0;0;0;0;0;0;0;0;0;0;0;0;0;0;0;0;0;0;0;3;10;20;40;57;74;90;123;157;245;278;339;382;444;458;57;401;2006;3;5
wireless;452;0;0;0;0;0;0;0;0;0;0;0;0;0;0;0;0;0;0;1;4;7;19;47;70;98;113;132;160;207;229;272;329;386;419;445;452;113;339;2003;1;17
web;440;0;0;0;0;0;0;0;0;0;0;0;1;1;1;1;11;11;14;26;31;42;55;75;92;121;156;186;225;261;291;314;345;373;407;427;440;156;284;1996;1;1
transform;419;0;0;0;0;0;0;0;0;0;0;1;2;2;2;2;2;2;4;4;6;8;17;29;41;67;88;110;148;201;228;258;292;327;366;405;419;88;331;1995;1;4
vulnerability;407;0;0;0;0;0;0;0;0;0;0;0;0;0;0;0;0;0;8;12;16;26;29;33;34;42;50;59;85;105;149;190;240;278;345;392;407;50;357;2002;8;28
host;398;0;0;0;0;0;0;0;0;0;0;1;1;1;1;1;1;1;3;8;15;18;24;36;51;68;102;115;132;143;173;205;251;289;335;382;398;102;296;1995;1;1
technological;395;0;0;0;0;0;0;0;0;0;0;0;1;1;1;1;3;3;5;8;10;14;22;36;53;76;96;113;135;160;182;209;249;279;316;378;395;96;299;1996;1;4
awareness;387;0;0;0;0;0;0;0;0;0;0;0;0;0;0;0;0;0;2;2;6;14;16;30;34;74;100;112;131;158;177;208;260;296;330;374;387;100;287;2002;2;26
defense;381;0;0;0;0;0;0;0;0;0;0;0;0;0;0;0;0;0;0;9;15;22;32;33;43;59;66;83;97;108;136;177;212;250;306;358;381;66;315;2003;9;18
cluster;356;0;0;0;0;0;0;0;0;0;0;0;0;0;0;0;0;0;1;4;10;12;34;48;59;78;116;130;161;169;184;205;241;295;320;348;356;116;240;2002;1;22
stakeholder;332;0;0;0;0;0;0;0;0;0;0;0;0;0;0;0;0;0;0;3;4;9;13;20;25;46;65;81;118;143;163;178;213;237;276;325;332;65;267;2003;3;19
exploit;325;0;0;0;0;0;1;2;2;2;2;2;2;2;2;4;4;4;5;12;15;23;36;40;46;70;94;110;116;132;159;190;209;237;263;310;325;94;231;1990;1;1
ci;294;0;0;0;0;0;0;0;0;0;0;0;0;0;0;0;0;0;0;1;5;15;40;58;76;87;122;131;142;160;172;185;219;239;261;280;294;122;172;2003;1;10
library;288;0;0;1;1;1;1;1;1;1;1;1;1;1;1;1;2;2;5;8;21;25;44;62;69;79;100;118;129;147;172;196;224;243;261;276;288;100;188;1987;1;12
agent;283;0;0;0;0;0;0;0;0;0;0;0;0;0;0;0;0;0;3;5;6;9;13;14;18;35;40;45;75;97;99;133;155;174;194;262;283;40;243;2002;3;21
deploy;265;0;0;0;0;0;0;0;0;0;0;0;0;0;0;0;0;0;0;3;6;18;26;46;50;61;73;87;97;111;126;159;180;205;228;254;265;73;192;2003;3;20
layer;229;0;0;0;0;0;0;0;0;0;0;0;0;0;0;0;0;0;2;4;6;7;14;18;21;33;50;58;83;100;109;126;149;174;188;218;229;50;179;2002;2;29
graph;226;0;0;0;0;0;0;0;0;0;0;0;0;0;0;0;0;0;2;2;2;3;6;6;9;18;23;27;30;53;56;89;126;166;196;221;226;23;203;2002;2;24
monitor;208;0;0;0;0;0;0;0;0;0;0;0;0;0;0;0;2;2;2;4;8;12;16;20;30;50;61;68;78;94;112;127;155;177;192;205;208;61;147;2000;2;5
parameter;208;0;0;0;0;0;0;0;0;0;0;0;0;0;0;0;0;0;1;2;2;8;10;13;24;33;44;53;60;68;79;94;114;148;159;190;208;44;164;2002;1;25
http;205;0;0;0;0;0;0;0;0;0;0;0;0;0;0;0;0;0;0;4;7;11;16;20;30;50;65;74;91;101;117;129;135;148;173;197;205;65;140;2003;4;22
malicious;202;0;0;0;0;0;0;0;0;0;0;0;0;0;0;0;0;0;0;0;7;10;10;11;14;21;28;39;47;55;74;86;107;128;172;194;202;28;174;2004;7;5
prevent;200;0;0;0;0;0;0;0;0;0;0;0;0;0;0;0;0;0;0;0;4;7;10;15;18;23;32;33;46;55;74;94;121;139;162;191;200;32;168;2004;4;10
metric;198;0;0;0;0;0;0;0;0;0;0;0;0;0;0;0;0;0;0;0;2;6;7;9;27;36;54;59;67;78;93;109;132;158;173;186;198;54;144;2004;2;13
portal;194;0;0;0;0;0;0;0;0;0;0;0;0;0;0;0;0;0;0;2;5;14;19;36;47;53;73;84;96;105;122;136;162;167;175;187;194;73;121;2003;2;21
malware;175;0;0;0;0;0;0;0;0;0;0;0;0;0;0;0;0;0;0;0;0;0;1;1;3;6;26;37;49;54;64;80;121;133;148;165;175;26;149;2006;1;2
automation;174;0;0;0;0;0;1;1;1;1;1;1;1;2;2;2;2;2;2;3;3;3;3;4;5;12;17;22;31;50;51;68;85;105;141;168;174;17;157;1990;1;2
package;171;0;0;2;2;2;2;2;2;2;2;2;2;2;2;2;2;2;3;3;3;5;5;12;15;16;27;32;46;55;65;86;102;120;141;161;171;27;144;1987;2;15
map;157;0;0;0;0;0;0;0;0;0;0;0;0;0;2;2;2;2;2;7;10;11;15;18;21;31;57;62;76;82;92;104;116;128;136;152;157;57;100;1998;2;1
cyberspace;157;0;0;0;0;0;0;0;0;0;0;2;2;2;4;5;5;5;8;10;11;13;14;18;23;31;39;41;50;60;73;91;113;130;136;150;157;39;118;1995;2;3
augment;155;0;0;0;0;0;0;0;0;0;0;0;0;0;0;0;0;0;0;0;0;5;8;11;23;26;35;42;48;59;74;85;90;107;125;151;155;35;120;2005;5;9
supercomputer;152;0;0;10;12;12;15;16;16;16;16;16;16;16;16;16;16;16;16;20;25;26;30;44;49;54;62;64;68;77;87;97;115;121;140;146;152;62;90;1987;10;16
metadata;150;0;0;0;0;0;0;0;0;0;0;0;0;0;0;0;0;0;0;3;7;9;16;24;25;27;32;34;38;45;57;67;84;114;128;148;150;32;118;2003;3;26
attacker;142;0;0;0;0;0;0;0;0;0;0;0;0;0;0;0;0;0;1;5;6;6;8;8;8;9;13;16;26;38;52;74;84;104;123;138;142;13;129;2002;1;5
configuration;139;0;0;0;0;0;0;0;0;0;0;0;0;0;0;0;0;0;1;1;1;4;8;19;24;29;33;39;49;58;68;83;98;109;121;136;139;33;106;2002;1;13
pipeline;136;0;0;0;0;0;0;0;0;0;0;0;0;0;0;0;0;0;0;0;0;0;2;3;6;16;18;23;29;38;41;54;65;79;102;120;136;18;118;2006;2;11
bandwidth;132;0;0;0;0;0;0;0;0;0;0;0;0;0;0;0;0;0;2;2;2;4;6;10;18;24;34;34;38;58;69;86;95;110;122;131;132;34;98;2002;2;14
certificate;131;0;0;0;0;0;0;0;0;0;0;0;0;0;0;0;0;0;5;10;15;22;23;24;28;34;38;45;48;53;56;73;78;94;111;118;131;38;93;2002;5;9
authentication;131;0;0;0;0;0;0;0;0;0;0;0;0;0;0;0;0;0;2;2;4;8;12;14;15;17;21;23;26;33;41;44;70;97;110;127;131;21;110;2002;2;8
integrity;125;0;0;0;0;0;0;0;0;0;0;0;0;0;0;0;0;0;1;2;3;6;8;15;16;19;30;34;38;43;49;53;76;87;108;122;125;30;95;2002;1;10
recognition;119;0;0;0;0;0;0;0;0;0;0;1;1;3;3;3;3;3;3;7;9;13;18;19;21;29;36;38;38;43;55;68;74;81;88;106;119;36;83;1995;1;2
toolkit;110;0;0;0;0;0;0;0;0;0;0;0;0;0;0;0;0;0;0;2;2;2;2;8;8;8;16;16;18;21;29;39;59;72;76;92;110;16;94;2003;2;23
cryptographic;108;0;0;0;0;0;0;0;0;0;0;0;0;0;0;0;0;0;0;3;3;12;13;14;20;23;25;27;28;35;42;44;52;70;83;98;108;25;83;2003;3;25
iot;105;0;0;0;0;0;0;0;0;0;0;0;0;0;0;0;0;0;0;0;0;0;0;0;0;0;0;0;0;0;1;7;21;45;65;92;105;0;105;2014;1;3
cryptography;104;0;0;0;0;0;0;0;0;0;0;0;0;0;0;0;0;0;0;5;5;5;7;8;13;23;24;27;27;33;42;48;54;71;80;102;104;24;80;2003;5;24
frequency;101;0;0;0;0;0;0;0;0;0;0;0;0;0;0;0;0;0;0;0;0;0;7;11;14;17;23;26;30;36;40;54;72;83;89;97;101;23;78;2006;7;4
breach;94;0;0;0;0;0;0;0;0;0;0;0;0;0;0;0;0;0;0;5;6;7;7;7;7;8;12;12;14;16;19;37;54;70;82;93;94;12;82;2003;5;11
geospatial;88;0;0;0;0;0;0;0;0;0;0;0;0;0;0;0;0;0;0;0;0;6;8;10;13;15;24;28;37;39;42;53;62;64;77;85;88;24;64;2005;6;6
log;81;0;0;0;0;0;0;0;0;0;0;0;0;0;0;0;0;0;1;1;1;1;2;3;3;11;14;18;20;22;28;33;45;56;69;79;81;14;67;2002;1;15
virtualization;78;0;0;0;0;0;0;0;0;0;0;0;0;0;0;0;0;0;0;0;0;3;3;9;10;14;16;17;24;29;53;54;63;66;71;76;78;16;62;2005;3;10
supercomputing;76;0;0;1;1;1;1;1;1;1;1;1;1;1;1;1;1;1;1;1;4;6;8;16;18;21;34;39;42;44;49;52;63;64;73;75;76;34;42;1987;1;7
cybercrime;67;0;0;0;0;0;0;0;0;0;0;0;0;0;0;0;0;0;0;0;0;0;0;0;0;0;0;0;3;12;19;22;26;40;43;66;67;0;67;2012;3;8
runtime;66;0;0;0;0;0;0;0;0;0;0;0;0;0;0;0;0;0;0;0;3;3;3;5;6;11;13;15;19;22;23;33;37;43;47;66;66;13;53;2004;3;8
dataset;64;0;0;0;0;0;0;0;0;0;0;0;0;0;0;0;2;2;2;2;2;2;5;5;7;8;9;9;9;13;13;21;28;34;43;58;64;9;55;2000;2;2
virus;64;0;0;0;0;0;0;7;7;7;7;7;7;7;7;7;7;7;7;10;12;12;12;15;15;17;30;32;33;36;36;43;46;46;59;60;64;30;34;1991;7;1
fiber;64;0;0;0;0;0;0;0;0;0;0;0;0;0;0;0;0;0;0;0;0;3;3;4;7;8;12;14;20;28;31;34;43;51;55;63;64;12;52;2005;3;11
cyberbullying;63;0;0;0;0;0;0;0;0;0;0;0;0;0;0;0;0;0;0;0;0;0;0;0;0;0;17;17;17;17;18;50;50;59;59;61;63;17;46;2010;17;3
pi;63;0;0;0;0;0;0;0;0;0;0;0;0;0;0;0;0;0;0;1;1;1;6;7;8;16;19;25;28;31;36;39;47;51;58;62;63;19;44;2003;1;4
random;62;0;0;0;0;0;0;0;0;0;0;0;0;0;0;0;0;0;0;0;0;1;2;4;5;14;16;20;21;24;26;33;47;48;55;61;62;16;46;2005;1;5
backbone;60;0;0;0;0;0;0;0;0;0;0;0;0;0;0;0;0;0;1;1;1;2;8;10;13;21;25;27;31;33;40;43;50;53;56;59;60;25;35;2002;1;6
ml;55;0;0;0;0;0;0;0;0;0;0;0;0;0;0;0;0;0;0;0;0;0;0;0;0;0;0;6;6;6;6;6;6;10;33;53;55;0;55;2011;6;11
encryption;54;0;0;0;0;0;0;0;0;0;0;0;0;0;0;0;0;0;0;0;0;0;1;1;5;6;6;6;6;6;8;10;17;28;39;49;54;6;48;2006;1;7
hacker;53;0;0;0;0;0;0;0;0;0;0;0;0;0;0;0;0;0;0;1;2;2;3;3;5;8;11;11;15;24;25;25;29;32;35;53;53;11;42;2003;1;6
cyber;50;0;0;0;0;0;0;0;0;0;0;0;0;0;0;0;0;0;0;0;1;1;2;2;5;5;10;12;13;17;18;25;28;30;40;45;50;10;40;2004;1;4
packet;49;0;0;0;0;0;0;0;0;0;0;0;0;0;0;0;0;0;4;5;7;7;11;12;15;15;17;20;20;24;25;33;41;45;45;49;49;17;32;2002;4;27
visualize;49;0;0;0;0;0;0;0;0;0;0;0;0;0;0;0;0;0;0;0;0;0;0;0;3;4;9;11;13;17;22;22;28;34;40;48;49;9;40;2008;3;5
dmz;44;0;0;0;0;0;0;0;0;0;0;0;0;0;0;0;0;0;0;0;0;0;0;0;0;0;0;0;2;7;11;22;26;36;42;43;44;0;44;2012;2;1
penetration;43;0;0;0;0;0;0;0;0;0;0;0;0;0;0;0;0;0;0;0;1;2;3;4;4;5;6;11;15;20;24;27;29;31;34;43;43;6;37;2004;1;2
password;42;0;0;0;0;0;0;0;0;0;0;0;0;0;0;0;0;0;1;2;2;2;2;2;2;2;2;3;3;4;7;7;14;38;39;42;42;2;40;2002;1;17
phishing;42;0;0;0;0;0;0;0;0;0;0;0;0;0;0;0;0;0;0;0;0;0;0;0;2;2;2;3;3;11;16;17;17;23;40;42;42;2;40;2008;2;9
patch;39;0;0;0;0;0;0;0;0;0;0;0;0;0;0;0;0;0;0;0;0;0;1;1;1;1;3;3;7;8;18;23;26;28;37;37;39;3;36;2006;1;10
encode;39;0;0;0;0;0;0;0;0;0;0;0;0;0;0;0;0;0;1;1;1;1;2;3;3;7;10;10;12;14;15;20;23;27;30;38;39;10;29;2002;1;23
bug;38;0;0;0;0;0;0;0;0;0;0;0;0;0;0;0;0;0;0;0;0;1;2;3;3;3;3;3;5;12;13;14;15;15;19;38;38;3;35;2005;1;8
audit;37;0;0;0;0;0;0;0;0;0;0;0;0;0;0;0;0;0;0;1;1;2;3;5;6;6;7;14;15;15;15;21;24;28;33;36;37;7;30;2003;1;2
migration;37;0;0;0;0;0;0;0;0;0;0;0;0;0;0;0;0;0;0;0;8;8;11;12;14;15;16;17;19;20;24;25;29;34;36;36;37;16;21;2004;8;9
ai;37;0;0;0;0;0;0;0;0;0;0;0;0;0;0;0;0;0;0;0;0;1;1;1;1;1;1;1;1;1;1;1;4;6;9;31;37;1;36;2005;1;7
parallelism;36;0;0;0;0;0;0;0;0;0;0;0;0;0;0;0;0;0;0;1;1;1;2;2;3;4;6;7;7;7;7;8;14;17;24;33;36;6;30;2003;1;7
email;34;0;0;0;0;0;0;0;0;0;0;0;0;0;0;0;0;0;0;2;2;2;2;2;3;5;5;6;7;11;14;15;19;19;33;34;34;5;29;2003;2;5
encrypt;34;0;0;0;0;0;0;0;0;0;0;0;0;0;0;0;0;0;0;0;0;5;5;5;6;6;6;6;6;7;9;11;18;21;23;30;34;6;28;2005;5;4
cybermanufacturing;33;0;0;0;0;0;0;0;0;0;0;0;0;0;0;0;0;0;0;0;0;0;0;0;0;0;0;0;0;0;0;23;23;26;33;33;33;0;33;2015;23;5
supervision;32;0;0;0;0;0;0;0;0;0;0;0;0;0;0;0;0;0;0;1;1;1;1;3;4;4;5;5;5;9;12;14;17;21;25;31;32;5;27;2003;1;27
fraud;32;0;0;0;0;0;0;0;0;0;0;0;0;0;0;0;0;0;0;0;0;0;0;0;2;5;6;6;6;8;8;10;13;16;25;30;32;6;26;2008;2;4
restore;28;0;0;0;0;0;0;0;0;0;0;0;0;0;0;0;0;4;4;5;5;6;8;9;9;11;12;13;13;13;15;15;15;22;24;27;28;12;16;2001;4;1
tablet;28;0;0;0;0;0;0;0;0;0;0;0;0;0;1;1;2;2;2;2;2;2;2;2;2;2;4;4;7;12;18;20;21;25;28;28;28;4;24;1998;1;5
unstructured;28;0;0;0;0;0;0;0;0;0;0;0;0;1;1;1;1;1;1;1;1;1;1;1;1;3;3;5;5;6;6;12;14;15;17;27;28;3;25;1997;1;2
firewall;26;0;0;0;0;0;0;0;0;0;0;0;0;0;0;0;0;0;0;1;1;2;4;4;4;4;5;5;7;10;11;14;15;20;25;25;26;5;21;2003;1;9
benign;25;0;0;0;0;0;0;0;0;0;0;0;0;0;0;0;0;0;0;0;4;4;4;5;6;6;10;15;15;18;22;23;23;23;25;25;25;10;15;2004;4;3
broadcast;25;0;0;0;0;0;0;0;0;0;0;0;0;0;0;0;0;0;0;1;3;3;4;5;8;14;16;20;20;23;23;24;24;24;25;25;25;16;9;2003;1;3
mobile;24;0;0;0;0;0;0;0;0;0;0;0;0;0;0;0;0;0;0;0;2;2;2;2;2;3;3;4;9;12;13;18;21;22;22;23;24;3;21;2004;2;1
diagram;24;0;0;0;0;0;0;0;0;0;0;0;0;0;0;0;0;0;0;0;0;0;0;1;2;2;7;12;13;13;13;15;18;19;19;19;24;7;17;2007;1;5
spam;24;0;0;0;0;0;0;0;0;0;0;0;0;0;0;0;0;0;0;0;0;0;0;0;3;10;12;14;14;17;18;19;19;23;24;24;24;12;12;2008;3;8
hack;22;0;0;0;0;0;0;0;0;0;0;0;0;0;0;0;0;0;0;0;0;0;0;0;0;0;0;1;2;3;4;5;7;9;14;22;22;0;22;2011;1;8
digital;21;0;0;0;0;0;0;0;0;0;0;0;0;0;0;0;0;0;1;1;1;2;4;7;9;9;9;9;11;12;12;13;14;16;19;21;21;9;12;2002;1;16
gpu;20;0;0;0;0;0;0;0;0;0;0;0;0;0;0;0;0;0;0;0;0;0;0;0;0;2;4;4;5;5;6;6;7;10;14;20;20;4;16;2009;2;12
cybernetics;20;0;0;0;0;0;0;0;1;1;1;1;2;2;2;3;3;3;6;7;9;13;15;15;16;17;17;18;19;19;19;19;20;20;20;20;20;17;3;1992;1;3
spoof;18;0;0;0;0;0;0;0;0;0;0;0;0;0;0;0;0;0;0;0;0;0;0;0;0;0;0;4;4;4;4;5;5;12;14;17;18;0;18;2011;4;6
worm;18;0;0;0;0;0;0;0;0;0;0;0;0;0;0;0;0;0;0;1;11;11;13;13;13;13;13;14;14;15;16;17;18;18;18;18;18;13;5;2003;1;8
cryptocurrency;17;0;0;0;0;0;0;0;0;0;0;0;0;0;0;0;0;0;0;0;0;0;0;0;0;0;0;0;0;0;0;0;1;4;4;17;17;0;17;2016;1;5
cybertools;17;0;0;0;0;0;0;0;0;0;0;0;0;0;0;0;0;0;0;0;0;0;1;1;6;8;11;12;12;12;12;14;15;15;16;17;17;11;6;2006;1;3
boot;17;0;0;0;0;0;0;0;0;0;0;0;0;0;0;0;0;0;0;0;0;0;0;1;1;2;2;3;3;3;3;5;5;5;9;15;17;2;15;2007;1;1
gigabit;16;0;0;0;0;0;0;0;0;0;0;0;0;0;0;0;0;0;0;0;0;0;0;0;0;0;0;1;2;7;8;14;15;15;16;16;16;0;16;2011;1;5
backup;16;0;0;0;0;0;0;0;0;0;0;0;0;0;0;0;0;0;0;0;0;0;0;0;0;0;2;2;2;2;2;5;8;9;9;14;16;2;14;2010;2;2
twitter;16;0;0;0;0;0;0;0;0;0;0;0;0;0;0;0;0;0;0;0;0;0;0;0;0;3;4;8;9;11;11;15;15;15;16;16;16;4;12;2009;3;13
wiki;16;0;0;0;0;0;0;0;0;0;0;0;0;0;0;0;0;0;0;0;0;0;0;9;9;10;11;11;12;13;13;16;16;16;16;16;16;11;5;2007;9;4
facebook;16;0;0;0;0;0;0;0;0;0;0;0;0;0;0;0;0;0;0;0;0;0;0;0;0;7;7;11;12;13;13;14;14;14;15;16;16;7;9;2009;7;9
ict;15;0;0;0;0;0;0;0;0;0;0;0;0;0;0;0;0;0;0;0;0;0;0;0;3;5;7;8;8;8;8;9;9;10;12;13;15;7;8;2008;3;10
python;15;0;0;0;0;0;0;0;0;0;0;0;0;0;0;0;0;0;0;0;0;0;0;0;0;0;0;0;0;0;2;2;4;8;10;12;15;0;15;2014;2;10
cyberattack;13;0;0;0;0;0;0;0;0;0;0;0;0;0;0;0;0;0;2;2;2;2;2;2;2;2;2;2;2;2;2;3;3;7;9;12;13;2;11;2002;2;4
api;13;0;0;0;0;0;0;0;0;0;0;0;0;0;0;0;0;0;0;0;0;0;0;0;1;2;2;3;3;5;5;8;10;10;11;12;13;2;11;2008;1;2
cyberwatch;13;0;0;0;0;0;0;0;0;0;0;0;0;0;0;0;0;0;0;0;0;0;0;0;0;7;7;7;9;9;10;10;11;11;12;12;13;7;6;2009;7;10
gps;12;0;0;0;0;0;0;0;0;0;0;0;0;0;0;0;0;0;0;0;0;1;1;3;3;3;3;3;4;5;5;5;5;7;8;12;12;3;9;2005;1;1
botnet;12;0;0;0;0;0;0;0;0;0;0;0;0;0;0;0;0;0;0;0;0;0;0;0;7;7;8;8;8;8;10;10;10;10;11;11;12;8;4;2008;7;3
syntax;11;0;0;0;0;0;0;0;0;0;0;0;0;0;0;0;0;0;0;0;0;0;1;1;1;1;1;6;7;10;10;10;10;10;11;11;11;1;10;2006;1;8
ip;11;0;0;0;0;0;0;0;0;0;0;0;0;0;0;0;0;0;0;0;0;0;1;1;1;1;1;2;2;2;5;5;5;10;11;11;11;1;10;2006;1;9
nlp;11;0;0;0;0;0;0;0;0;0;0;0;0;0;0;0;0;0;0;0;0;0;0;0;0;0;4;6;6;7;7;7;8;8;10;11;11;4;7;2010;4;4
firmware;11;0;0;0;0;0;0;0;0;0;0;0;0;0;0;0;0;0;0;0;0;0;0;0;0;0;0;0;0;1;2;2;2;3;3;10;11;0;11;2013;1;4
proxy;10;0;0;0;0;0;0;0;0;0;0;0;0;0;0;0;0;0;0;1;2;2;2;2;2;3;3;4;4;5;5;6;6;6;7;10;10;3;7;2003;1;1
ddos;10;0;0;0;0;0;0;0;0;0;0;0;0;0;0;0;0;0;1;1;1;1;3;3;3;3;3;3;3;4;4;4;4;10;10;10;10;3;7;2002;1;12
dns;9;0;0;0;0;0;0;0;0;0;0;0;0;0;0;0;0;0;0;0;4;5;5;5;5;5;5;7;8;8;8;8;8;8;8;9;9;5;4;2004;4;11
standalone;8;0;0;0;0;0;0;0;0;0;0;0;0;0;0;0;0;0;0;0;0;0;0;0;0;0;0;0;1;2;3;3;4;6;7;8;8;0;8;2012;1;5
webinar;8;0;0;0;0;0;0;0;0;0;0;0;0;0;0;0;0;0;0;0;0;0;0;0;0;1;2;2;2;2;3;3;3;4;5;8;8;2;6;2009;1;11
cybertechnology;7;0;0;0;0;0;0;0;0;0;0;0;0;0;0;0;0;0;0;0;0;0;0;0;0;0;0;1;3;3;3;3;7;7;7;7;7;0;7;2011;1;4
blacklist;7;0;0;0;0;0;0;0;0;0;0;0;0;0;0;0;0;0;0;0;0;0;0;0;0;0;1;1;1;1;1;1;5;5;7;7;7;1;6;2010;1;10
trojan;7;0;0;0;0;0;0;0;0;0;0;0;0;0;0;0;0;0;0;0;0;0;0;0;0;0;0;0;0;0;0;1;2;4;6;7;7;0;7;2015;1;10
ransomware;7;0;0;0;0;0;0;0;0;0;0;0;0;0;0;0;0;0;0;0;0;0;0;0;0;0;0;0;0;0;0;0;0;0;0;0;7;0;7;2020;7;1
scada;7;0;0;0;0;0;0;0;0;0;0;0;0;0;0;0;0;0;0;0;0;0;0;0;0;1;1;1;2;2;2;4;5;6;7;7;7;1;6;2009;1;1
hijack;7;0;0;0;0;0;0;0;0;0;0;0;0;0;0;0;0;0;0;0;0;0;1;1;1;1;1;1;1;2;2;2;3;4;6;7;7;1;6;2006;1;6
scam;6;0;0;0;0;0;0;0;0;0;0;0;0;0;0;0;0;0;0;0;0;0;0;0;0;0;0;0;0;0;1;1;1;2;3;6;6;0;6;2014;1;1
github;6;0;0;0;0;0;0;0;0;0;0;0;0;0;0;0;0;0;0;0;0;0;0;0;0;0;0;0;0;0;0;1;2;2;4;6;6;0;6;2015;1;11
fpga;6;0;0;0;0;0;0;0;0;0;0;0;0;0;0;0;0;0;0;0;0;0;0;0;0;1;1;1;1;1;1;1;1;3;6;6;6;1;5;2009;1;4
cs;6;0;0;0;0;0;0;0;0;0;0;0;0;0;0;0;0;0;0;0;0;0;0;0;0;0;0;0;0;0;0;0;2;2;6;6;6;0;6;2016;2;6
apt;6;0;0;0;0;0;0;0;0;0;0;0;0;0;0;0;0;0;0;0;0;0;0;0;0;1;1;1;1;4;4;4;4;4;4;6;6;1;5;2009;1;7
darknet;6;0;0;0;0;0;0;0;0;0;0;0;0;0;0;0;0;0;0;0;0;0;0;0;0;0;0;0;0;0;0;0;0;0;6;6;6;0;6;2018;6;6
crawler;6;0;0;0;0;0;0;0;0;0;0;0;0;0;0;0;0;0;0;0;0;0;0;0;0;0;0;0;2;2;5;6;6;6;6;6;6;0;6;2012;2;7
checkpoint;6;0;0;0;0;0;0;0;0;0;0;0;0;0;0;0;0;0;0;0;2;3;3;3;3;3;3;3;3;3;3;3;4;6;6;6;6;3;3;2004;2;12
decrypt;5;0;0;0;0;0;0;0;0;0;0;0;0;0;0;0;0;0;0;0;0;1;1;1;1;1;1;2;2;2;2;2;3;3;4;5;5;1;4;2005;1;3
bluetooth;5;0;0;0;0;0;0;0;0;0;0;0;0;0;0;0;0;0;0;0;0;0;0;1;1;1;1;1;1;1;4;4;4;4;5;5;5;1;4;2007;1;3
vm;5;0;0;0;0;0;0;0;0;0;0;0;0;0;0;0;0;0;0;0;0;1;2;2;2;2;3;3;4;4;5;5;5;5;5;5;5;3;2;2005;1;2
amazon;5;0;0;0;0;0;0;0;0;0;0;0;0;0;0;0;0;0;0;0;0;0;0;0;1;1;1;2;2;2;2;2;3;3;3;3;5;1;4;2008;1;1
honeypot;5;0;0;0;0;0;0;0;0;0;0;0;0;0;0;0;0;0;0;0;2;2;3;3;3;3;3;3;3;4;4;4;4;4;5;5;5;3;2;2004;2;7
esp;5;0;0;0;0;0;0;0;0;0;0;0;0;0;0;0;0;0;0;0;0;0;0;0;0;0;0;0;0;0;0;0;0;0;0;5;5;0;5;2019;5;4
nanosecond;4;0;0;0;0;0;0;0;0;0;0;0;0;0;0;0;0;0;0;0;0;0;1;1;1;1;1;1;2;4;4;4;4;4;4;4;4;1;3;2006;1;1
aws;4;0;0;0;0;0;0;0;0;0;0;0;0;0;0;0;0;0;0;0;0;0;0;0;0;0;0;0;0;0;0;0;0;2;3;3;4;0;4;2017;2;4
pki;4;0;0;0;0;0;0;0;0;0;0;0;0;0;0;0;0;0;4;4;4;4;4;4;4;4;4;4;4;4;4;4;4;4;4;4;4;4;0;2002;4;3
backend;4;0;0;0;0;0;0;0;0;0;0;0;0;0;0;0;0;0;0;0;0;0;0;0;0;0;0;1;1;1;1;2;3;3;4;4;4;0;4;2011;1;10
blockchain;4;0;0;0;0;0;0;0;0;0;0;0;0;0;0;0;0;0;0;0;0;0;0;0;0;0;0;0;0;0;0;0;0;0;1;2;4;0;4;2018;1;5
blockchains;4;0;0;0;0;0;0;0;0;0;0;0;0;0;0;0;0;0;0;0;0;0;0;0;0;0;0;0;0;0;0;0;0;0;0;3;4;0;4;2019;3;5
rootkit;4;0;0;0;0;0;0;0;0;0;0;0;0;0;0;0;0;0;0;0;0;0;0;0;0;0;3;3;4;4;4;4;4;4;4;4;4;3;1;2010;3;1
ssh;4;0;0;0;0;0;0;0;0;0;0;0;0;0;0;0;0;0;0;0;0;0;0;0;0;0;1;1;1;1;1;2;2;3;3;3;4;1;3;2010;1;12
cyberhub;3;0;0;0;0;0;0;0;0;0;0;0;0;0;0;0;0;0;0;0;0;0;0;0;0;0;0;1;3;3;3;3;3;3;3;3;3;0;3;2011;1;7
bitcoin;3;0;0;0;0;0;0;0;0;0;0;0;0;0;0;0;0;0;0;0;0;0;0;0;0;0;0;0;0;0;0;0;1;1;1;2;3;0;3;2016;1;1
ipsec;3;0;0;0;0;0;0;0;0;0;0;0;0;0;0;0;0;0;0;0;0;0;0;0;0;0;0;0;0;0;0;1;1;2;3;3;3;0;3;2015;1;7
webmaster;3;0;0;0;0;0;0;0;0;0;0;0;0;0;0;0;2;2;2;2;3;3;3;3;3;3;3;3;3;3;3;3;3;3;3;3;3;3;0;2000;2;1
matlab;3;0;0;0;0;0;0;0;0;0;0;0;0;0;0;0;0;0;0;0;0;0;0;0;0;0;1;1;1;1;2;2;2;3;3;3;3;1;2;2010;1;6
android;3;0;0;0;0;0;0;0;0;0;0;0;0;0;0;0;0;0;0;0;0;0;0;0;0;0;0;0;0;0;1;1;1;2;3;3;3;0;3;2014;1;4
byod;3;0;0;0;0;0;0;0;0;0;0;0;0;0;0;0;0;0;0;0;0;0;0;0;0;0;0;0;0;2;3;3;3;3;3;3;3;0;3;2013;2;2
git;3;0;0;0;0;0;0;0;0;0;0;0;0;0;0;0;0;0;0;0;0;0;0;0;0;0;0;0;0;0;0;0;1;1;2;2;3;0;3;2016;1;2
saas;3;0;0;0;0;0;0;0;0;0;0;0;0;0;0;0;0;0;0;0;0;0;0;0;0;0;0;0;2;2;3;3;3;3;3;3;3;0;3;2012;2;2
youtube;3;0;0;0;0;0;0;0;0;0;0;0;0;0;0;0;0;0;0;0;0;0;0;0;0;0;0;1;1;3;3;3;3;3;3;3;3;0;3;2011;1;2
microsystem;2;0;0;0;0;0;0;0;0;0;0;0;0;0;0;0;0;0;0;0;0;0;0;0;0;0;0;0;0;0;0;0;0;0;0;2;2;0;2;2019;2;2
jupyter;2;0;0;0;0;0;0;0;0;0;0;0;0;0;0;0;0;0;0;0;0;0;0;0;0;0;0;0;0;0;0;0;2;2;2;2;2;0;2;2016;2;3
google;2;0;0;0;0;0;0;0;0;0;0;0;0;0;0;0;0;0;0;0;0;0;0;0;1;1;1;1;1;1;1;1;1;1;2;2;2;1;1;2008;1;7
logger;2;0;0;0;0;0;0;0;0;0;0;0;0;0;0;0;0;0;0;0;0;0;0;0;0;0;0;0;0;0;0;1;1;1;1;1;2;0;2;2015;1;9
shortcut;2;0;0;0;0;0;0;0;0;0;0;0;0;0;0;0;0;0;0;0;0;0;0;0;0;0;0;0;0;0;0;1;1;2;2;2;2;0;2;2015;1;8
ftp;2;0;0;0;0;0;0;0;0;0;0;0;0;0;0;0;0;0;0;0;0;0;0;0;0;0;0;1;1;1;1;1;1;1;1;2;2;0;2;2011;1;3
wifi;2;0;0;0;0;0;0;0;0;0;0;0;0;0;0;0;0;0;0;0;0;0;0;0;0;1;1;1;1;1;2;2;2;2;2;2;2;1;1;2009;1;3
podcasts;2;0;0;0;0;0;0;0;0;0;0;0;0;0;0;0;0;0;0;0;0;0;0;0;0;1;1;1;1;1;2;2;2;2;2;2;2;1;1;2009;1;2
siem;2;0;0;0;0;0;0;0;0;0;0;0;0;0;0;0;0;0;0;0;0;0;0;0;0;0;0;0;0;0;1;2;2;2;2;2;2;0;2;2014;1;7
lan;2;0;0;0;0;0;0;0;0;0;0;0;0;0;0;0;0;0;0;0;0;0;0;0;0;0;1;1;1;1;2;2;2;2;2;2;2;1;1;2010;1;5
hypervisor;2;0;0;0;0;0;0;0;0;0;0;0;0;0;0;0;0;0;0;0;0;0;0;0;0;0;1;1;1;1;2;2;2;2;2;2;2;1;1;2010;1;7
cybertraining;2;0;0;0;0;0;0;0;0;0;0;0;0;0;0;0;0;0;0;0;0;0;0;0;0;0;0;0;0;0;0;0;0;0;2;2;2;0;2;2018;2;7
tor;2;0;0;0;0;0;0;0;0;0;0;0;0;0;0;0;0;0;0;0;0;0;0;0;0;0;1;1;1;1;1;1;1;1;2;2;2;1;1;2010;1;8
azure;2;0;0;0;0;0;0;0;0;0;0;0;0;0;0;0;0;0;0;0;0;0;0;0;0;0;0;1;1;1;1;1;1;1;2;2;2;0;2;2011;1;1
checklist;2;0;0;0;0;0;0;0;0;0;0;0;0;0;0;0;0;0;0;0;0;0;0;0;1;2;2;2;2;2;2;2;2;2;2;2;2;2;0;2008;1;6
usb;2;0;0;0;0;0;0;0;0;0;0;0;0;0;0;0;0;0;0;0;0;0;0;0;0;0;0;0;0;2;2;2;2;2;2;2;2;0;2;2013;2;5
sniff;1;0;0;0;0;0;0;0;0;0;0;0;0;0;0;0;0;0;0;0;0;0;0;0;0;0;0;0;0;0;0;0;1;1;1;1;1;0;1;2016;1;9
cybereducation;1;0;0;0;0;0;0;0;0;0;0;0;0;0;0;0;0;0;0;0;0;0;0;0;0;0;0;0;0;0;0;0;1;1;1;1;1;0;1;2016;1;8
antivirus;1;0;0;0;0;0;0;0;0;0;0;0;0;0;0;0;0;0;0;0;0;0;0;0;0;0;0;0;0;0;0;0;1;1;1;1;1;0;1;2016;1;7
paas;1;0;0;0;0;0;0;0;0;0;0;0;0;0;0;0;0;0;0;0;0;0;0;0;0;0;0;0;0;0;0;0;0;1;1;1;1;0;1;2017;1;1
sandbox;1;0;0;0;0;0;0;0;0;0;0;0;0;0;0;0;0;0;0;0;0;0;0;0;0;0;0;0;0;0;0;0;0;1;1;1;1;0;1;2017;1;2
ipython;1;0;0;0;0;0;0;0;0;0;0;0;0;0;0;0;0;0;0;0;0;0;0;0;0;0;0;0;0;0;0;0;1;1;1;1;1;0;1;2016;1;4
frontend;1;0;0;0;0;0;0;0;0;0;0;0;0;0;0;0;0;0;0;0;0;0;0;0;0;0;0;0;0;0;0;0;0;0;0;1;1;0;1;2019;1;3
jupyterlab;1;0;0;0;0;0;0;0;0;0;0;0;0;0;0;0;0;0;0;0;0;0;0;0;0;0;0;0;0;0;0;0;0;0;1;1;1;0;1;2018;1;2
tableau;1;0;0;0;0;0;0;0;0;0;0;0;0;0;0;0;0;0;0;0;0;0;0;0;0;0;0;0;0;0;0;0;0;0;1;1;1;0;1;2018;1;1
linkedin;1;0;0;0;0;0;0;0;0;0;0;0;0;0;0;0;0;0;0;0;0;0;0;0;0;0;0;0;0;0;0;0;0;0;1;1;1;0;1;2018;1;3
widget;1;0;0;0;0;0;0;0;0;0;0;0;0;0;0;0;0;0;0;0;0;0;0;0;0;0;0;0;0;0;0;0;0;0;0;1;1;0;1;2019;1;1
passwordless;1;0;0;0;0;0;0;0;0;0;0;0;0;0;0;0;0;0;0;0;0;0;0;0;0;0;0;0;0;0;0;0;0;0;1;1;1;0;1;2018;1;4
cyberthreat;1;0;0;0;0;0;0;0;0;0;0;0;0;0;0;0;0;0;0;0;0;0;0;0;0;0;0;0;0;0;0;0;0;1;1;1;1;0;1;2017;1;3
sourcecode;1;0;0;0;0;0;0;0;0;0;0;0;0;0;0;0;0;0;0;0;0;0;0;0;0;1;1;1;1;1;1;1;1;1;1;1;1;1;0;2009;1;8
cyberplatform;1;0;0;0;0;0;0;0;0;0;0;0;0;0;0;0;0;0;0;0;0;0;0;0;0;0;0;0;0;0;0;1;1;1;1;1;1;0;1;2015;1;13
myspace;1;0;0;0;0;0;0;0;0;0;0;0;0;0;0;0;0;0;0;0;0;0;0;0;0;0;0;0;0;1;1;1;1;1;1;1;1;0;1;2013;1;3
atp;1;0;0;0;0;0;0;0;0;0;0;0;0;0;0;0;0;0;0;0;0;0;0;0;0;1;1;1;1;1;1;1;1;1;1;1;1;1;0;2009;1;6
bookmarking;1;0;0;0;0;0;0;0;0;0;0;0;0;0;0;0;0;0;0;0;0;0;0;0;0;1;1;1;1;1;1;1;1;1;1;1;1;1;0;2009;1;5
cyberworld;1;0;0;0;0;0;0;0;0;0;0;0;0;0;0;0;0;0;0;0;0;0;0;0;0;0;1;1;1;1;1;1;1;1;1;1;1;1;0;2010;1;9
multiplecyberinfrastructure;1;0;0;0;0;0;0;0;0;0;0;0;0;0;0;0;0;0;0;0;0;0;0;0;0;0;1;1;1;1;1;1;1;1;1;1;1;1;0;2010;1;11
artificialintelligence;1;0;0;0;0;0;0;0;0;0;0;0;0;0;0;0;0;0;0;0;0;0;0;0;0;0;0;1;1;1;1;1;1;1;1;1;1;0;1;2011;1;9
mysql;1;0;0;0;0;0;0;0;0;0;0;0;0;0;0;0;0;0;0;0;0;0;0;0;0;0;0;0;1;1;1;1;1;1;1;1;1;0;1;2012;1;3
voip;1;0;0;0;0;0;0;0;0;0;0;0;0;0;0;0;0;0;0;0;0;0;0;0;0;0;0;0;1;1;1;1;1;1;1;1;1;0;1;2012;1;4
cyberresources;1;0;0;0;0;0;0;0;0;0;0;0;0;0;0;0;0;0;0;0;0;0;0;0;0;0;0;0;1;1;1;1;1;1;1;1;1;0;1;2012;1;6
hacktivism;1;0;0;0;0;0;0;0;0;0;0;0;0;0;0;0;0;0;0;0;0;0;0;0;0;0;0;0;1;1;1;1;1;1;1;1;1;0;1;2012;1;9
elearning;1;0;0;0;0;0;0;0;0;0;0;0;0;0;0;0;0;0;0;0;0;0;0;0;0;0;0;0;0;1;1;1;1;1;1;1;1;0;1;2013;1;1
unencrypted;1;0;0;0;0;0;0;0;0;0;0;0;0;0;0;0;0;0;0;0;0;0;0;0;0;0;0;0;0;0;1;1;1;1;1;1;1;0;1;2014;1;2
skype;1;0;0;0;0;0;0;0;0;0;0;0;0;0;0;0;0;0;0;0;0;0;0;0;0;0;0;0;0;0;0;1;1;1;1;1;1;0;1;2015;1;12
javascript;1;0;0;0;0;0;0;0;0;0;0;0;0;0;0;0;0;0;0;0;0;0;0;0;0;0;0;0;0;0;1;1;1;1;1;1;1;0;1;2014;1;6
snort;1;0;0;0;0;0;0;0;0;0;0;0;0;0;0;0;0;0;0;0;0;0;0;0;0;0;0;0;0;0;1;1;1;1;1;1;1;0;1;2014;1;8
metasploit;1;0;0;0;0;0;0;0;0;0;0;0;0;0;0;0;0;0;0;0;0;0;0;0;0;0;0;0;0;0;1;1;1;1;1;1;1;0;1;2014;1;9
alcatel;1;0;0;0;0;0;0;0;0;0;0;0;0;0;0;0;0;0;0;0;1;1;1;1;1;1;1;1;1;1;1;1;1;1;1;1;1;1;0;2004;1;6
flickr;1;0;0;0;0;0;0;0;0;0;0;0;0;0;0;0;0;0;0;0;0;0;0;0;0;0;0;0;0;0;0;1;1;1;1;1;1;0;1;2015;1;1
freebase;1;0;0;0;0;0;0;0;0;0;0;0;0;0;0;0;0;0;0;0;0;0;0;0;0;0;0;0;0;0;0;1;1;1;1;1;1;0;1;2015;1;2
pseudogap;1;0;0;0;0;0;0;0;0;0;0;0;0;0;0;0;0;0;0;0;0;0;0;0;0;0;0;0;0;0;0;1;1;1;1;1;1;0;1;2015;1;3
gigahertz;1;0;0;0;0;0;0;0;0;0;0;0;0;0;0;0;0;0;0;0;0;0;0;0;0;0;0;0;0;0;0;1;1;1;1;1;1;0;1;2015;1;4
cyberprotection;1;0;0;0;0;0;0;0;0;0;0;0;0;0;0;0;0;0;0;1;1;1;1;1;1;1;1;1;1;1;1;1;1;1;1;1;1;1;0;2003;1;13
seo;1;0;0;0;0;0;0;0;0;0;0;0;0;0;0;0;0;0;0;0;0;0;0;0;0;0;0;0;0;0;0;1;1;1;1;1;1;0;1;2015;1;6
chipset;1;0;0;0;0;0;0;0;0;0;0;0;0;0;0;0;0;0;0;0;0;0;0;0;0;0;0;0;0;0;1;1;1;1;1;1;1;0;1;2014;1;5
