;1985;1986;1987;1988;1989;1990;1991;1992;1993;1994;1995;1996;1997;1998;1999;2000;2001;2002;2003;2004;2005;2006;2007;2008;2009;2010;2011;2012;2013;2014;2015;2016;2017;2018;2019;2020
system;5;2;3;4;4;1;1;1;1;1;1;0;1;5;4;1;1;49;84;168;152;219;241;279;439;512;354;438;518;602;952;773;967;775;785;434
robot;4;0;0;0;0;5;0;0;0;0;0;0;0;0;0;6;0;4;0;0;0;1;1;17;19;8;7;5;26;14;43;12;36;33;25;19
station;3;1;0;0;0;0;0;0;0;0;0;0;0;0;0;0;0;0;0;1;2;1;4;6;5;17;1;4;5;7;12;6;14;2;9;0
work;3;0;0;1;1;4;0;0;0;0;0;1;0;0;1;1;1;7;40;33;47;73;105;123;171;184;128;199;165;164;209;200;187;255;215;105
computer;3;2;5;2;2;3;0;1;1;1;2;5;2;4;14;1;1;22;33;41;42;70;77;97;102;121;90;135;95;137;146;174;171;199;165;120
control;3;1;0;1;1;2;0;1;1;1;0;3;0;2;0;3;3;7;14;23;18;54;33;102;102;107;58;111;128;139;319;162;246;191;247;100
research;2;0;0;5;5;2;0;1;1;1;8;4;7;8;10;4;5;41;146;143;188;313;382;503;758;919;577;688;751;783;978;1210;988;931;936;565
support;2;0;2;0;0;2;0;1;1;1;0;3;1;2;4;2;1;14;45;65;104;135;161;167;252;246;192;238;237;307;316;437;301;697;765;442
acquisition;2;1;0;0;0;0;0;0;0;0;1;1;1;0;0;0;0;0;1;0;10;9;5;4;17;7;11;14;14;10;18;11;15;15;8;3
device;2;0;0;0;0;0;0;0;0;0;1;3;0;2;0;2;0;0;10;3;2;13;21;43;54;68;32;100;109;102;149;147;120;158;132;37
technique;2;2;4;4;4;0;1;0;0;0;0;0;2;3;1;0;0;1;9;7;25;37;42;59;75;125;50;57;121;98;128;127;156;159;146;66
diverse;2;0;0;0;0;0;0;0;0;0;0;1;0;0;0;0;0;5;8;7;25;31;46;38;51;70;57;66;80;61;63;88;95;93;113;39
video;2;0;1;0;0;0;0;0;0;0;0;0;0;1;4;1;0;6;1;2;3;2;12;22;16;15;13;6;8;24;16;11;32;19;8;24
image;2;0;2;0;0;0;0;1;1;1;4;0;3;0;1;0;0;2;8;1;3;5;5;11;30;26;18;26;23;66;33;82;89;63;73;26
study;1;0;0;2;2;0;2;0;0;0;0;0;0;0;4;3;7;13;21;34;26;100;67;140;192;134;152;127;167;141;196;183;190;164;221;70
distribute;1;0;0;0;0;1;0;0;0;0;0;0;0;0;0;0;0;5;22;19;34;41;47;50;80;86;50;87;62;45;88;84;104;87;79;42
characterization;1;0;0;0;0;0;0;0;0;0;0;0;1;1;0;0;0;1;0;2;4;7;9;12;23;15;6;10;8;8;13;15;19;11;10;1
house;1;0;0;0;0;0;0;0;0;0;0;0;0;0;0;0;0;1;5;1;1;0;4;1;8;14;3;7;4;0;4;2;4;2;1;1
demand;1;0;0;0;0;0;0;0;0;0;0;0;0;0;0;0;0;0;4;4;9;6;10;6;16;27;14;23;24;20;58;34;53;34;58;20
neural;1;0;0;0;0;1;0;1;1;1;0;0;0;0;0;0;0;1;2;0;0;0;0;4;2;4;1;0;1;1;1;4;7;20;41;7
flexible;1;0;0;0;0;0;0;0;0;0;0;0;0;0;0;0;0;0;3;4;6;2;3;7;11;12;6;6;7;9;15;17;19;22;34;13
consist;1;0;0;0;0;0;0;0;0;0;0;0;0;0;1;1;0;1;3;0;1;12;14;8;11;11;12;17;13;9;20;11;21;13;26;8
preprocessors;1;0;0;0;0;0;0;0;0;0;0;0;0;0;0;0;0;0;0;0;0;0;0;0;0;0;0;0;0;0;0;0;0;0;0;0
school;1;0;0;0;0;0;0;0;0;0;0;0;0;0;1;2;0;10;13;18;14;41;30;43;121;97;121;69;71;73;92;95;113;99;116;64
intrinsic;1;0;0;0;0;0;0;0;0;0;0;0;0;0;0;0;0;0;4;0;1;0;6;1;3;1;1;1;3;2;4;3;7;1;6;3
processor;1;0;0;0;0;0;0;0;0;0;0;1;0;0;0;0;0;0;1;2;5;3;6;8;3;5;3;7;11;15;14;3;13;15;18;4
structure;1;0;1;0;0;0;6;1;1;1;1;0;0;0;1;2;0;6;16;9;26;52;68;52;67;111;62;54;64;75;87;133;121;80;91;45
cybernetic;1;1;0;2;2;0;0;0;0;0;0;0;1;1;0;0;1;0;0;0;0;0;1;0;2;0;0;0;0;0;1;0;0;0;0;0
camera;1;0;0;0;0;0;0;0;0;0;1;0;0;0;0;0;0;1;3;3;0;0;1;1;6;3;10;3;3;16;11;8;8;9;5;5
project;1;1;1;0;0;1;0;2;2;2;2;3;2;1;9;6;1;32;100;137;175;254;366;425;650;754;582;609;768;861;1171;1091;1255;1286;1357;688
color;1;0;0;0;0;0;0;0;0;0;1;0;1;0;0;0;0;0;0;1;0;0;0;2;2;2;0;0;0;2;2;5;0;1;3;0
large;1;0;2;1;1;3;0;0;0;0;1;0;0;1;1;0;0;7;22;28;39;57;58;57;130;133;74;106;124;107;129;165;170;145;168;97
consists;1;0;0;0;0;0;0;0;0;0;0;2;0;1;0;0;0;1;3;4;3;2;3;3;9;14;6;11;10;5;6;15;8;14;12;4
segment;1;0;0;0;0;0;0;0;0;0;0;0;0;0;0;0;0;0;0;1;0;0;3;3;1;0;5;2;6;2;1;2;4;0;2;2
medical;1;1;0;0;0;0;0;1;1;1;0;0;1;1;0;1;0;1;1;4;2;0;13;18;11;17;17;13;59;29;31;29;35;29;31;9
maryland;1;0;0;0;0;0;0;0;0;0;0;0;0;0;0;0;0;0;1;1;1;1;0;1;2;1;6;5;0;3;3;0;1;2;5;0
graphic;1;0;1;4;4;0;1;0;0;0;0;2;3;1;0;1;0;0;1;0;1;1;1;3;7;4;1;5;2;9;5;7;6;4;4;4
engineering;1;0;0;2;2;0;0;1;1;1;4;1;4;0;2;0;0;11;26;36;67;97;170;128;195;254;132;145;175;182;226;270;259;247;217;112
student;1;1;2;1;1;1;0;0;0;0;1;7;1;1;6;4;6;9;69;59;120;181;246;294;514;558;444;466;491;485;631;729;685;728;679;342
powerful;1;0;0;0;0;0;0;0;0;0;0;0;0;0;0;0;0;0;0;1;10;10;7;11;23;16;9;12;12;16;10;26;16;21;18;8
include;1;0;3;1;1;2;0;1;1;1;1;3;5;4;2;1;2;19;38;79;86;112;175;160;282;307;216;225;262;305;340;405;391;396;449;194
science;1;0;0;0;0;0;0;1;1;1;2;4;0;1;2;0;0;29;59;65;99;182;187;231;340;393;279;326;324;315;329;418;359;439;481;216
quality;1;0;0;0;0;0;0;0;0;0;0;1;0;0;1;0;0;0;8;10;16;21;23;24;32;37;46;25;37;57;47;73;61;56;60;25
together;1;0;0;0;0;0;0;0;0;0;0;0;1;0;0;2;1;8;11;6;18;24;31;38;41;43;39;55;66;50;63;74;67;76;84;21
obtain;1;0;0;2;2;0;0;0;0;0;0;0;0;0;0;0;0;1;4;0;4;4;4;13;28;18;15;15;17;12;17;26;23;22;25;10
network;1;0;1;1;1;1;0;1;1;1;2;0;0;0;9;0;0;31;71;82;91;135;91;168;269;265;171;216;247;357;377;436;316;381;335;116
model;1;0;3;8;8;0;1;0;0;0;0;4;4;4;0;0;2;16;46;62;74;121;122;171;269;310;174;305;349;271;387;389;402;446;514;244
utilized;1;0;0;1;1;0;0;0;0;0;0;0;0;0;0;0;0;0;1;1;0;3;3;8;4;6;3;5;5;5;12;5;5;10;5;6
analysis;1;3;0;1;1;0;1;1;1;1;1;0;2;1;2;7;0;15;15;22;47;61;52;64;132;128;89;112;178;179;197;192;196;165;212;86
software;1;1;1;0;0;0;0;0;0;0;0;2;0;1;1;0;0;2;14;39;64;55;101;85;94;149;142;198;207;225;267;307;262;347;239;110
digitizer;1;0;0;0;0;0;0;0;0;0;0;0;0;1;0;1;0;0;0;0;1;0;0;0;0;0;0;0;0;0;0;0;0;0;0;0
member;1;0;1;0;0;0;0;0;0;0;0;0;0;0;3;2;0;4;3;5;19;32;30;26;55;41;24;28;19;36;36;40;33;42;35;13
curve;1;0;0;0;0;0;0;0;0;0;0;0;0;0;0;0;0;0;1;0;0;0;0;0;5;1;0;1;0;0;3;0;5;6;5;0
component;1;0;1;0;0;0;0;0;0;0;1;2;2;2;0;0;2;5;11;24;20;63;61;38;56;95;46;57;74;60;77;110;93;85;91;69
accommodate;1;0;0;1;1;0;0;0;0;0;0;0;0;0;0;0;0;0;3;1;1;0;4;2;4;5;2;0;4;4;3;4;7;6;4;1
faculty;1;0;0;1;1;0;0;0;0;0;0;0;0;0;0;0;1;5;16;10;34;42;44;32;77;87;46;62;80;85;97;98;97;99;84;33
cooperate;1;0;0;0;0;0;0;0;0;0;0;0;0;0;0;0;0;0;0;1;1;0;1;1;0;0;0;2;3;4;2;4;0;0;2;0
substantive;0;0;0;0;0;0;0;0;0;0;0;0;0;0;0;0;1;0;2;0;0;1;4;0;0;1;2;2;1;1;0;0;0;0;2;0
university;0;0;1;1;1;0;0;1;1;1;0;0;0;0;1;0;0;7;23;15;43;64;92;68;102;109;70;67;87;73;60;90;81;129;140;62
economic;0;0;0;0;0;0;0;0;0;0;0;0;0;0;5;0;0;0;5;8;16;15;14;14;24;29;28;24;47;31;52;49;46;41;44;21
prediction;0;0;0;1;1;0;0;0;0;0;0;0;0;0;0;0;2;2;0;0;2;9;10;10;15;21;12;28;17;15;18;42;45;28;44;15
culture;0;0;0;1;1;0;0;0;0;0;0;0;1;3;0;0;0;1;6;1;2;12;4;12;8;15;4;8;22;9;8;18;17;6;7;3
diffusion;0;0;0;0;0;0;0;0;0;0;0;0;0;0;0;4;0;0;0;0;0;8;0;1;5;12;1;17;7;0;8;7;3;9;7;3
sensitive;0;0;0;0;0;0;0;1;1;1;0;0;0;0;0;0;0;0;5;2;0;5;2;1;2;6;2;2;18;6;14;16;18;16;21;7
openness;0;0;0;0;0;0;0;0;0;0;0;0;0;0;0;14;0;0;1;1;0;1;0;1;1;1;0;2;0;0;0;1;0;0;0;0
use;0;0;5;6;6;1;2;0;0;0;2;6;6;5;4;5;1;27;48;72;111;177;201;244;447;460;293;349;457;427;524;618;626;876;931;446
transport;0;0;0;1;1;0;1;0;0;0;0;0;0;0;0;0;0;1;1;4;4;10;10;6;12;11;8;17;10;9;24;12;19;10;8;10
pattern;0;0;0;1;1;0;0;0;0;0;1;0;2;0;0;0;0;2;6;6;1;5;9;9;27;16;17;15;32;25;39;52;29;44;26;20
mix;0;0;0;0;0;0;0;0;0;0;0;0;0;4;0;0;0;0;0;0;0;2;2;2;6;2;2;9;1;4;0;7;4;7;3;3
cybersecurity;0;0;0;0;0;0;0;0;0;0;0;0;0;0;0;0;0;4;11;14;18;1;13;6;32;18;58;112;132;161;263;308;329;411;374;178
difficulty;0;0;0;0;0;2;0;0;0;0;0;0;0;0;0;0;0;0;3;0;0;7;3;4;5;6;8;4;12;4;7;11;14;6;8;2
foundation;0;0;0;0;0;0;0;0;0;0;0;0;0;0;0;4;0;11;4;10;10;18;22;25;24;28;30;33;39;32;60;52;37;37;38;13
review;0;0;2;0;0;0;0;0;0;0;0;0;0;0;0;2;0;2;2;5;2;5;2;7;5;14;12;5;4;12;13;12;11;362;387;180
improve;0;0;0;0;0;0;0;0;0;0;0;1;0;0;0;1;0;4;13;8;31;37;51;49;96;122;77;88;95;121;172;168;179;182;209;99
performance;0;0;1;0;0;0;0;0;0;0;0;0;1;0;0;0;0;2;9;30;23;19;61;44;76;54;50;37;72;103;130;117;149;132;132;61
wave;0;0;0;2;2;0;0;0;0;0;0;0;0;0;0;0;0;2;0;2;1;8;3;2;33;16;23;3;5;7;33;36;14;21;15;12
storage;0;1;0;0;0;0;0;0;0;0;0;0;0;0;0;0;0;0;2;10;19;11;19;11;22;27;18;23;41;22;31;41;57;55;29;22
reflect;0;0;0;0;0;0;0;0;0;0;0;0;0;0;1;0;0;0;1;2;4;4;2;1;4;5;4;4;10;7;9;10;15;361;383;181
evolutionary;0;0;0;0;0;0;1;0;0;0;0;0;0;0;0;0;0;0;0;1;5;5;0;1;16;20;2;7;4;5;9;8;3;4;6;0
addition;0;0;1;0;0;2;0;0;0;0;1;2;0;0;2;0;0;2;10;8;19;18;32;36;58;58;38;43;41;55;59;82;81;70;59;64
increase;0;0;0;0;0;0;0;0;0;0;0;0;0;2;0;6;0;4;30;21;57;25;54;51;105;122;89;122;114;164;156;201;176;221;198;103
conformational;0;0;3;0;0;0;0;0;0;0;0;0;0;0;0;0;0;0;0;0;0;1;0;0;2;0;5;0;0;0;1;0;6;0;0;1
protein;0;0;0;0;0;0;2;0;0;0;0;0;1;1;0;0;0;0;0;0;6;15;4;11;38;26;8;6;15;6;8;17;10;2;11;23
location;0;0;0;0;0;0;0;0;0;0;2;1;0;0;0;0;0;1;1;9;5;3;7;5;21;15;25;19;21;16;15;26;26;20;25;18
collaborative;0;0;0;0;0;2;0;0;0;0;0;2;0;0;1;0;1;2;14;20;20;39;47;58;72;74;50;70;71;65;57;88;51;63;75;18
optimization;0;0;4;0;0;0;0;0;0;0;0;0;0;0;0;0;0;0;1;10;7;7;25;15;19;24;10;30;14;28;43;35;85;50;58;40
life;0;0;0;0;0;0;0;0;0;0;0;0;0;0;3;0;0;5;5;7;9;5;26;8;28;20;23;23;47;25;50;59;43;65;39;27
management;0;0;0;0;0;0;0;0;0;0;0;0;0;0;0;2;0;6;12;28;30;29;76;43;68;62;57;102;86;107;113;130;115;84;74;56
visualization;0;0;0;0;0;0;0;1;1;1;1;1;0;0;0;0;0;0;14;10;16;17;31;46;54;78;29;50;68;53;38;41;28;30;19;14
extensive;0;0;0;3;3;0;0;0;0;0;0;0;0;0;0;0;0;2;5;4;12;4;7;9;14;15;14;11;11;19;15;26;36;21;14;9
capability;0;0;0;2;2;1;0;0;0;0;1;0;0;0;1;0;0;5;8;16;34;17;42;48;70;76;56;82;99;76;115;109;142;122;84;86
produce;0;0;0;0;0;0;0;0;0;0;0;0;0;0;0;4;1;3;13;17;18;19;20;20;42;55;31;44;24;54;60;49;59;51;66;26
organic;0;0;0;0;0;0;0;0;0;0;0;3;0;0;0;0;0;0;0;0;0;3;5;18;17;5;14;10;2;0;4;3;15;7;9;1
supercomputer;0;0;10;2;2;3;1;0;0;0;0;0;0;0;0;0;0;0;4;5;1;4;14;5;5;8;2;4;9;10;10;18;6;19;6;6
grid;0;0;0;0;0;0;0;0;0;0;0;0;0;0;0;0;0;1;23;8;27;35;26;6;34;30;26;39;19;12;65;41;83;53;74;22
stable;0;0;0;2;2;0;0;0;0;0;0;0;0;1;0;1;0;0;1;0;3;4;2;6;2;7;4;2;3;4;2;1;10;1;2;6
academic;0;1;0;0;0;0;0;0;0;0;0;0;2;2;0;2;1;1;9;9;16;23;19;24;33;28;27;40;48;35;48;60;51;52;63;57
secure;0;0;0;0;0;0;0;0;0;0;0;0;0;0;0;0;0;10;6;8;17;6;10;14;41;23;12;31;41;56;71;90;107;106;81;46
effectiveness;0;0;0;0;0;0;0;0;0;0;0;0;0;0;0;4;0;0;4;7;5;3;9;21;15;19;17;19;21;19;24;28;24;21;26;8
human;0;0;0;0;0;0;0;0;0;0;0;3;0;0;5;0;0;7;9;21;8;27;15;55;71;60;43;59;89;67;117;145;126;122;130;51
alloy;0;0;0;0;0;0;0;0;0;0;0;0;0;5;0;0;0;0;0;0;0;8;3;0;1;8;1;1;2;0;0;1;9;0;11;17
medium;0;0;0;0;0;0;0;0;0;0;0;1;0;0;2;0;0;0;2;1;3;11;24;5;18;13;18;10;45;22;31;22;20;31;17;18
bacterial;0;0;0;0;0;0;1;0;0;0;0;0;0;0;0;0;0;0;0;0;0;0;0;1;0;1;1;0;1;0;1;0;1;0;0;0
tolerance;0;0;0;0;0;0;0;0;0;0;0;0;0;4;0;0;0;0;0;0;1;0;1;1;2;1;1;1;0;5;2;1;0;1;2;0
instrumentation;0;1;0;0;0;0;0;0;0;0;0;1;1;0;0;0;0;3;1;4;1;2;9;19;19;23;12;10;14;8;7;34;19;14;11;3
sequence;0;0;0;0;0;0;1;0;0;0;0;0;0;0;0;0;1;0;4;0;3;5;14;0;5;16;18;11;26;21;14;18;31;9;8;17
milling;0;0;0;0;0;0;0;0;0;0;0;0;0;4;0;0;0;0;0;0;0;0;0;0;0;0;0;0;0;0;2;0;0;0;0;0
approach;0;0;0;0;0;1;0;0;0;0;0;3;0;1;1;0;0;6;11;11;27;44;41;48;126;116;74;92;138;119;134;135;156;143;140;27
session;0;0;0;0;0;2;0;0;0;0;0;0;1;0;0;0;0;3;3;10;0;8;13;16;8;19;5;11;13;9;15;13;15;29;27;26
social;0;0;0;0;0;0;0;0;0;0;0;0;0;0;1;0;3;14;2;19;22;32;41;76;59;50;73;65;107;101;103;119;120;87;115;66
lead;0;0;0;0;0;1;0;1;1;1;0;0;0;1;0;0;0;7;13;16;43;36;39;31;64;62;52;78;77;88;108;103;103;152;105;42
efficient;0;0;0;4;4;0;0;0;0;0;0;0;0;0;0;0;0;2;4;7;7;11;8;17;40;47;20;44;42;45;75;59;76;61;74;37
exploit;0;0;0;0;0;1;1;0;0;0;0;0;0;0;2;0;0;1;7;3;8;13;4;6;24;24;16;6;16;27;31;19;28;26;47;15
advance;0;0;0;0;0;0;0;1;1;1;1;0;1;0;0;1;0;2;18;21;32;48;36;52;88;93;77;90;86;134;160;203;182;190;198;70
upgrade;0;1;0;1;1;1;0;0;0;0;0;0;0;0;0;0;0;1;2;3;1;2;2;5;10;25;6;7;11;11;11;14;7;6;10;0
problem;0;0;0;3;3;2;0;0;0;0;0;4;0;4;0;4;0;13;20;22;48;44;58;59;148;110;82;103;120;101;158;171;168;175;156;61
development;0;0;0;0;0;0;0;0;0;0;0;2;1;3;1;2;0;13;53;54;107;124;119;179;228;233;195;251;222;228;275;271;258;304;276;150
investigator;0;0;0;1;1;0;0;0;0;0;0;0;0;0;0;2;3;4;7;7;7;13;28;36;24;29;30;18;22;31;35;42;36;59;54;38
face;0;0;0;0;0;0;0;0;0;0;2;0;0;4;0;0;0;2;6;2;5;7;13;8;23;9;9;16;28;14;32;35;31;29;51;15
surface;0;0;1;0;0;0;1;0;0;0;0;0;0;2;0;2;0;0;0;5;6;7;11;18;26;26;13;24;20;12;28;30;14;20;33;18
message;0;0;0;2;2;0;0;0;0;0;0;1;0;0;0;0;0;0;0;5;1;3;1;4;4;7;7;0;8;6;8;4;6;19;3;3
focus;0;0;1;0;0;0;0;0;0;0;0;1;0;2;4;1;1;1;19;19;41;74;74;82;126;140;83;124;139;143;187;183;162;154;178;72
access;0;0;3;1;1;1;0;0;0;0;2;0;0;0;0;3;0;7;22;31;48;45;59;59;95;109;60;69;101;131;117;145;128;137;104;83
depression;0;0;0;0;0;0;1;0;0;0;0;0;0;0;0;0;0;0;0;0;0;0;0;0;0;0;0;0;2;2;0;0;0;0;0;0
cell;0;0;0;2;2;0;1;0;0;0;0;0;1;2;0;0;0;1;0;4;0;2;2;15;26;15;8;27;6;10;41;17;26;6;24;18
key;0;0;0;1;1;0;0;0;0;0;0;1;1;0;0;6;1;12;18;21;20;24;27;34;63;52;51;53;52;55;94;86;68;105;100;45
panel;0;0;2;0;0;0;0;0;0;0;0;0;0;0;0;0;0;0;0;1;3;4;2;6;4;5;3;9;4;8;6;10;5;10;9;1
method;0;0;5;1;1;0;1;0;0;0;0;2;0;0;0;0;0;9;11;10;32;81;58;79;102;156;79;87;133;106;190;199;216;196;221;109
condition;0;0;0;0;0;0;0;0;0;0;0;0;0;6;0;0;0;0;0;7;4;7;13;13;27;35;32;14;20;17;37;22;65;29;34;15
manipulation;0;1;1;0;0;0;0;0;0;0;1;0;0;0;0;0;0;0;1;0;5;2;2;5;7;5;0;9;8;3;10;15;8;7;9;2
program;0;0;7;0;0;1;0;0;0;0;0;2;0;1;0;0;1;9;22;25;46;50;50;40;107;116;76;109;113;107;154;162;117;167;144;71
passing;0;0;0;2;2;0;0;0;0;0;0;0;0;0;0;0;0;0;0;0;0;0;1;0;2;0;0;0;1;1;2;3;1;2;1;2
knowledge;0;0;0;0;0;0;0;1;1;1;0;0;0;0;0;2;0;0;18;17;29;29;42;66;85;86;73;121;104;93;130;115;143;142;177;67
cost;0;0;2;0;0;0;0;0;0;0;0;0;0;3;2;3;0;0;1;2;10;8;10;27;21;32;23;26;32;60;60;41;51;54;55;23
market;0;0;0;0;0;0;0;0;0;0;0;0;1;0;5;0;0;0;6;0;5;0;4;4;3;6;5;20;17;9;25;23;16;17;26;9
assurance;0;0;0;0;0;0;0;0;0;0;0;0;0;2;0;0;6;3;21;10;26;3;17;16;13;23;17;15;12;3;8;28;18;13;30;3
electronic;0;0;0;0;0;0;0;0;0;0;0;1;0;4;1;10;0;5;0;5;6;20;27;13;28;30;10;16;12;14;19;48;40;24;17;6
carry;0;0;0;0;0;0;0;0;0;0;0;2;0;0;0;0;0;1;6;3;3;10;9;14;17;17;15;8;19;20;24;17;23;19;17;7
test;0;0;0;0;0;0;0;0;0;0;0;1;0;1;1;6;3;2;5;21;16;29;23;37;73;47;62;59;59;74;96;132;134;92;73;23
statutory;0;0;0;0;0;0;0;0;0;0;0;0;0;0;0;0;0;0;0;0;1;0;0;0;0;0;0;0;0;0;0;0;3;351;374;178
ball;0;0;0;0;0;0;0;0;0;0;0;0;0;4;0;0;0;0;0;0;1;0;0;0;0;1;0;1;0;0;0;0;0;0;0;0
spectroscopy;0;0;0;0;0;0;0;0;0;0;0;4;0;0;0;0;0;0;0;0;0;4;6;4;16;11;5;0;2;0;4;17;3;2;2;0
involve;0;0;2;1;1;0;0;1;1;1;1;0;0;0;0;1;0;5;17;8;23;41;39;64;69;49;57;52;50;58;75;70;61;63;70;37
instrumental;0;1;0;0;0;0;0;0;0;0;0;0;0;0;0;0;0;2;0;0;0;0;2;0;1;3;2;1;2;0;2;2;2;3;2;1
energy;0;0;0;1;1;0;0;1;1;1;0;0;0;0;0;0;0;0;1;2;4;20;24;28;112;94;94;121;65;90;171;114;127;145;95;45
collaborator;0;0;0;0;0;0;0;0;0;0;1;0;2;0;0;0;0;1;0;1;6;5;5;17;16;15;6;11;24;14;9;13;11;12;11;0
environment;0;0;0;1;1;0;0;0;0;0;2;3;0;0;1;0;2;8;22;29;40;41;52;81;132;115;87;146;134;111;180;172;183;135;137;59
separation;0;0;0;0;0;0;0;0;0;0;0;0;0;3;0;0;0;0;0;0;0;0;0;1;1;3;2;8;9;0;3;2;2;3;4;8
position;0;0;0;0;0;0;0;0;0;0;0;2;0;0;1;0;0;0;2;8;7;4;9;2;6;18;16;12;14;17;19;27;13;28;19;9
identity;0;0;0;0;0;0;0;0;0;0;0;0;0;0;0;0;9;1;0;7;4;0;4;3;11;24;10;10;19;5;15;24;23;9;18;2
different;0;0;0;1;1;0;0;0;0;0;0;1;0;3;2;0;1;3;11;15;18;32;33;41;57;58;49;67;62;70;98;93;111;84;97;33
ax;0;0;0;0;0;0;1;0;0;0;0;0;0;0;0;0;0;0;0;0;0;0;0;1;0;0;0;0;0;0;1;0;0;0;0;0
cauliflower;0;0;0;0;0;0;1;0;0;0;0;0;0;0;0;0;0;0;0;0;0;0;0;0;0;0;0;0;0;1;0;0;0;0;0;0
concept;0;0;2;0;0;1;0;0;0;0;0;0;0;0;1;0;0;6;9;11;12;20;31;21;56;35;57;51;41;51;58;50;41;57;51;23
institution;0;0;1;0;0;0;0;0;0;0;0;0;0;1;3;1;0;2;26;19;33;55;57;78;90;127;70;101;78;74;82;100;109;90;99;37
attribute;0;0;0;0;0;0;0;0;0;0;0;0;0;0;0;4;0;0;2;1;3;1;0;3;4;3;6;0;7;4;2;9;8;11;8;1
head;0;0;0;0;0;0;0;0;0;0;0;2;0;0;0;0;0;0;2;0;0;0;0;3;2;4;1;3;0;0;4;2;4;0;1;1
practice;0;0;0;0;0;0;0;0;0;0;0;0;0;0;4;2;1;4;8;9;29;21;27;46;62;57;49;79;73;91;100;136;89;97;126;40
challenge;0;0;0;0;0;0;0;0;0;0;0;1;0;4;0;1;2;4;16;20;35;42;41;87;111;85;83;117;160;138;192;197;185;211;207;93
industrial;0;1;0;0;0;0;0;1;1;1;0;0;3;0;0;0;0;0;5;1;6;9;10;17;11;24;16;25;21;16;34;14;45;32;52;6
particular;0;0;1;0;0;1;0;0;0;0;0;0;0;0;0;0;0;2;5;6;10;18;13;23;33;38;27;23;27;33;42;51;39;43;31;23
solution;0;0;0;2;2;0;0;0;0;0;0;1;0;4;0;0;0;2;10;14;18;25;16;27;42;38;32;46;46;51;94;73;111;99;90;35
get;0;0;0;0;0;0;0;0;0;0;0;1;1;0;0;0;0;0;0;1;0;0;3;5;5;2;3;5;9;5;13;9;11;15;12;0
due;0;0;0;0;0;0;0;0;0;0;0;0;0;0;1;4;0;1;4;4;2;8;12;11;9;20;14;14;26;34;56;50;59;48;46;20
algorithm;0;0;0;5;5;0;0;0;0;0;0;0;2;0;0;0;0;2;10;8;26;21;14;38;80;69;31;46;72;59;113;127;191;148;180;102
intellectual;0;0;0;0;0;0;0;0;0;0;1;0;1;0;0;0;0;0;5;12;9;12;22;26;32;24;26;27;27;16;24;25;27;370;391;185
federal;0;0;0;0;0;0;0;0;0;0;0;0;0;0;0;0;3;3;7;3;16;5;10;6;22;23;25;14;15;25;16;23;24;22;12;26
multimedia;0;0;0;0;0;0;0;0;0;0;2;0;0;0;0;0;0;0;2;2;1;0;2;2;1;7;2;8;3;1;2;0;4;1;1;0
processing;0;0;1;1;1;1;1;0;0;0;0;0;2;1;0;0;0;2;5;10;2;19;16;20;33;29;17;29;34;56;57;52;88;70;55;30
collaboration;0;0;0;0;0;0;0;0;0;0;2;1;0;2;0;2;0;6;21;17;35;75;60;85;126;144;71;120;119;83;98;152;117;117;119;38
simulation;0;0;0;0;0;2;0;0;0;0;2;0;0;2;1;0;0;0;11;8;33;66;86;62;83;88;85;115;74;60;74;145;126;171;129;78
information;0;0;3;0;0;2;0;1;1;1;3;3;0;1;1;7;6;25;78;73;85;61;99;136;181;199;150;156;163;144;225;240;222;239;216;74
interview;0;0;0;0;0;0;0;0;0;0;0;0;0;0;2;4;0;0;1;1;3;2;5;3;9;10;5;2;5;9;20;18;11;7;10;5
measure;0;0;0;0;0;0;0;0;0;0;0;0;0;0;0;4;0;0;3;4;6;7;10;14;33;26;22;18;10;32;39;45;47;42;33;27
alternative;0;0;0;0;0;0;0;0;0;0;0;0;0;1;0;1;2;1;0;2;2;7;6;8;14;10;13;4;5;10;4;12;15;13;12;0
meeting;0;0;0;0;0;2;0;1;1;1;0;0;0;4;0;0;0;3;12;17;15;29;16;34;31;23;21;48;38;33;32;40;21;40;46;118
behavior;0;0;0;0;0;0;0;0;0;0;0;0;0;0;1;0;4;8;8;11;20;18;7;35;36;41;23;52;82;90;117;81;99;62;88;47
major;0;2;0;0;0;0;0;0;0;0;0;0;0;0;2;0;1;0;15;23;20;24;28;46;50;46;34;44;48;52;65;70;61;65;61;22
enables;0;1;0;0;0;0;0;0;0;0;0;0;0;0;0;0;0;5;2;9;10;5;15;16;21;18;25;26;29;33;30;36;47;42;37;10
numerical;0;0;0;4;4;0;0;0;0;0;0;0;0;0;0;0;0;1;2;0;2;8;4;5;18;11;8;15;18;0;5;32;14;23;17;11
visit;0;0;0;0;0;1;0;0;0;0;0;0;0;0;0;0;0;0;6;1;3;6;8;4;6;6;7;2;8;12;10;7;2;11;7;2
deem;0;0;0;0;0;0;0;0;0;0;0;0;0;0;0;0;0;0;1;0;1;0;2;0;0;0;0;0;0;1;0;0;3;352;375;179
extend;0;0;0;2;2;0;0;0;0;0;0;0;1;0;1;2;0;2;3;10;13;22;18;18;29;38;31;25;32;37;36;40;39;32;39;23
mean;0;0;0;0;0;1;0;0;0;0;0;0;0;1;1;1;2;4;1;7;4;6;9;14;21;18;12;11;25;17;17;14;14;12;20;6
memory;0;0;1;4;4;0;0;0;0;0;0;0;0;0;0;0;0;0;0;0;2;6;6;5;18;6;10;8;6;17;19;19;22;32;49;9
mainly;0;0;0;0;0;1;0;0;0;0;0;0;0;0;0;0;0;0;0;0;1;0;1;0;3;3;1;4;3;0;2;2;4;4;4;1
training;0;0;3;0;0;0;0;0;0;0;0;0;0;0;0;0;1;5;15;10;25;35;55;75;114;127;76;81;80;80;116;148;194;239;178;85
motivate;0;0;0;0;0;0;0;0;0;0;0;0;0;3;0;0;0;3;2;0;3;6;3;3;9;12;3;10;17;11;23;13;13;20;16;11
advanced;0;0;2;3;3;0;0;0;0;0;1;0;0;0;0;0;0;3;14;8;17;34;28;30;53;59;32;40;63;74;85;81;85;94;130;69
strong;0;0;3;0;0;1;0;1;1;1;0;0;0;1;1;0;1;1;3;17;12;16;13;16;29;19;33;23;30;22;34;64;59;31;50;12
change;0;0;0;1;1;0;0;0;0;0;0;1;0;2;0;8;0;2;7;10;34;46;41;58;125;90;85;80;105;85;123;137;120;77;122;47
india;0;0;0;0;0;3;0;0;0;0;0;0;0;0;0;0;0;0;0;0;0;2;4;1;3;2;1;1;0;1;0;0;0;3;0;0
threefold;0;0;0;0;0;0;1;0;0;0;0;0;0;0;0;0;0;0;0;1;1;0;1;1;0;0;0;0;1;0;1;0;3;1;0;0
perform;0;1;0;1;1;0;0;0;0;0;0;1;0;2;0;0;0;2;4;8;6;17;8;18;27;22;16;30;31;21;40;50;54;50;48;14
solve;0;0;0;2;2;0;1;0;0;0;0;2;0;0;0;0;0;1;6;4;7;14;23;15;31;28;17;21;45;32;37;47;46;39;31;16
conduct;0;0;4;1;1;0;0;0;0;0;1;1;0;0;3;0;1;3;10;9;17;17;27;41;56;56;35;39;46;53;58;91;73;54;70;17
establish;0;0;1;0;0;0;0;0;0;0;0;0;0;3;2;2;0;1;20;14;20;15;30;40;60;59;38;64;47;48;78;87;104;75;96;56
vision;0;0;0;0;0;1;0;0;0;0;1;0;2;0;0;0;0;0;14;5;9;17;14;23;18;21;26;23;20;19;27;23;26;22;32;9
mechanical;0;0;0;0;0;0;0;0;0;0;1;0;2;0;0;0;0;0;0;1;2;1;1;4;12;13;5;12;6;11;13;6;15;12;18;12
outside;0;0;0;0;0;0;0;1;1;1;0;0;0;0;0;0;0;0;2;0;2;5;6;3;13;11;5;5;8;11;4;7;15;10;10;3
instrument;0;2;0;0;0;0;0;0;0;0;0;0;0;0;1;0;0;0;1;8;5;12;28;45;57;53;23;18;45;46;46;44;31;49;30;3
world;0;0;0;0;0;0;0;0;0;0;0;2;0;0;4;2;0;3;8;6;6;33;23;34;59;66;25;47;45;39;69;66;64;59;48;12
relationship;0;0;0;0;0;0;1;0;0;0;0;0;0;0;1;0;0;4;3;6;15;8;6;16;25;15;22;25;23;31;39;49;48;33;35;11
expand;0;0;0;0;0;0;0;0;0;0;0;0;2;0;0;2;1;2;6;8;21;15;20;23;36;47;26;27;30;26;40;44;56;58;57;43
extent;0;0;0;2;2;0;0;0;0;0;0;0;0;0;1;6;0;0;1;1;1;6;3;0;7;11;5;7;5;5;4;8;13;6;6;2
physical;0;0;0;0;0;0;0;0;0;0;2;0;0;0;1;0;0;3;4;12;12;27;64;60;70;72;62;69;83;76;157;139;142;112;147;38
detector;0;0;0;0;0;0;0;1;1;1;0;0;0;0;0;0;0;0;0;14;1;3;1;0;9;3;3;2;3;2;10;4;7;6;5;0
cybernetics;0;0;0;0;0;0;0;1;1;1;0;1;0;0;1;0;0;3;1;2;4;2;0;1;1;0;1;1;0;0;0;1;0;0;0;0
process;0;0;2;3;3;0;0;0;0;0;0;0;1;1;2;0;1;1;13;20;46;43;52;106;74;98;93;117;143;99;197;182;175;146;155;69
reconstruction;0;0;0;0;0;0;0;2;2;2;0;0;0;0;0;0;0;2;0;0;0;0;1;2;8;0;2;2;2;2;4;5;2;3;9;9
language;0;0;2;0;0;1;0;0;0;0;0;0;0;0;0;0;0;0;4;3;3;22;30;12;13;11;17;14;70;26;42;30;26;58;37;4
general;0;0;1;2;2;0;0;0;0;0;0;1;0;0;0;0;0;2;9;13;19;22;21;20;40;67;24;37;46;20;47;44;43;39;36;21
broader;0;0;0;0;0;0;0;0;0;0;0;0;0;0;0;0;0;2;3;14;16;18;36;36;49;53;43;63;62;71;73;65;71;424;437;211
fluid;0;0;1;0;0;0;0;1;1;1;0;0;0;0;0;0;0;0;0;5;0;2;8;14;5;5;3;8;1;1;17;6;12;4;6;30
applicable;0;0;0;0;0;0;0;1;1;1;0;0;0;0;0;0;0;0;0;3;3;4;6;6;13;16;5;15;13;13;20;13;9;17;15;6
people;0;0;0;0;0;0;0;0;0;0;0;1;0;0;2;0;1;6;10;6;13;11;21;27;26;14;27;32;54;75;75;73;43;58;50;20
educational;0;0;0;0;0;0;0;0;0;0;0;1;0;2;1;0;0;2;21;12;34;49;72;61;80;91;71;87;88;74;104;109;100;98;115;60
theory;0;0;0;0;0;3;0;0;0;0;0;4;0;0;1;0;2;6;8;7;7;32;44;38;45;69;32;48;70;48;129;135;96;80;83;34
worthy;0;0;0;0;0;0;0;0;0;0;0;0;0;0;0;0;0;0;0;0;2;0;0;0;0;1;0;1;0;1;0;0;3;352;374;178
canine;0;0;0;0;0;0;1;0;0;0;0;0;0;0;0;0;0;0;0;0;0;0;0;0;0;0;0;0;0;0;0;0;0;0;0;0
actor;0;0;0;0;0;0;0;0;0;0;0;0;0;0;0;0;5;1;0;1;2;1;0;5;5;0;2;3;5;2;0;2;5;11;7;7
national;0;0;1;0;0;0;0;0;0;0;0;0;0;0;0;2;0;13;22;29;38;41;54;47;63;75;59;84;72;75;85;153;118;135;145;42
result;0;0;0;2;2;1;0;0;0;0;1;0;0;3;1;2;2;9;18;33;48;50;83;122;118;150;106;154;145;161;180;206;199;192;186;122
virus;0;0;0;0;0;0;7;0;0;0;0;0;0;0;0;0;0;0;3;2;0;0;3;0;2;13;2;1;3;0;7;3;0;13;1;4
material;0;0;0;2;2;0;0;0;0;0;0;2;0;6;1;0;0;7;16;20;39;97;111;95;216;197;85;144;106;89;135;179;278;219;210;118
architecture;0;0;1;4;4;1;0;0;0;0;0;0;0;0;0;0;0;0;9;16;10;10;25;27;25;31;36;32;64;52;62;46;69;63;74;23
part;0;0;0;0;0;1;1;0;0;0;0;2;1;0;1;0;0;3;10;12;19;17;22;28;59;58;36;40;38;49;66;92;107;61;79;26
plant;0;0;0;0;0;0;1;0;0;0;0;0;0;0;0;0;0;2;0;0;3;12;2;25;23;15;34;32;25;18;34;10;19;16;11;18
attila;0;0;0;0;0;0;0;1;1;1;0;0;0;0;0;0;0;0;0;0;0;0;0;0;0;0;0;0;0;0;0;0;0;0;0;0
action;0;0;0;0;0;0;0;0;0;0;0;0;0;0;1;0;4;1;0;5;6;14;7;9;20;9;6;21;15;15;40;21;18;34;28;11
relay;0;0;2;0;0;0;0;0;0;0;0;0;0;0;0;0;0;0;0;0;0;0;0;0;0;0;3;0;1;0;0;1;2;0;1;0
equipment;0;1;0;1;1;0;0;0;0;0;3;1;2;1;0;1;0;5;4;14;6;0;8;12;14;19;15;7;12;11;23;12;17;6;16;5
seminar;0;0;1;0;0;0;0;0;0;0;0;0;0;0;0;0;2;0;1;3;0;6;7;9;12;14;9;11;9;9;13;16;4;22;11;8
collect;0;0;0;0;0;0;0;1;1;1;0;0;0;0;0;2;0;3;5;4;6;18;13;18;20;29;22;22;39;31;37;50;67;48;44;26
instance;0;0;0;0;0;0;1;0;0;0;0;1;1;0;0;0;0;0;1;1;10;2;3;3;2;3;5;3;3;5;13;3;9;13;9;1
wish;0;0;0;0;0;0;1;0;0;0;0;0;0;0;1;0;0;0;1;2;1;0;0;2;0;0;1;2;0;2;4;5;1;2;1;1
require;0;2;0;2;2;0;1;0;0;0;1;2;0;0;0;1;0;7;11;13;32;40;32;41;66;79;46;58;79;77;105;91;117;113;121;78
capsid;0;0;0;0;0;0;1;0;0;0;0;0;0;0;0;0;0;0;0;0;0;2;0;0;0;3;0;0;0;0;0;0;0;0;0;0
others;0;0;1;1;1;1;0;0;0;0;0;0;0;0;0;0;2;1;3;4;10;5;9;24;13;16;12;16;21;27;25;23;20;22;17;11
recognition;0;0;0;0;0;0;0;0;0;0;1;0;2;0;0;0;0;0;4;2;4;5;1;2;8;7;2;0;5;12;13;6;7;7;18;13
germany;0;0;0;0;0;1;0;0;0;0;0;0;0;0;0;0;0;1;1;0;0;0;1;1;1;4;0;1;0;1;2;2;2;0;2;0
professor;0;0;0;0;0;2;0;0;0;0;0;0;0;0;0;0;0;0;5;1;5;3;2;10;18;7;11;1;2;5;5;8;3;13;2;1
fulfills;0;0;0;0;0;0;0;1;1;1;0;0;0;0;0;0;0;1;0;0;0;2;0;0;3;0;1;0;1;1;0;1;0;1;2;0
would;0;0;3;0;0;0;0;0;0;0;0;0;0;1;2;0;0;1;12;9;10;19;21;17;34;35;12;33;42;32;41;36;36;42;35;41
investigate;0;0;0;1;1;2;1;0;0;0;0;0;0;0;0;0;0;1;5;6;10;16;17;22;29;41;22;33;38;37;59;59;53;55;49;33
resource;0;0;0;4;4;0;0;1;1;1;0;0;1;0;1;0;0;5;14;30;120;61;115;109;183;185;97;141;146;140;158;239;213;177;206;124
fabrication;0;0;0;0;0;0;0;0;0;0;0;0;3;0;1;0;0;0;0;0;0;1;2;1;4;2;0;6;7;3;22;10;11;11;8;1
hungary;0;0;0;0;0;0;0;1;1;1;0;0;0;0;0;0;0;1;0;0;0;0;0;0;0;0;0;0;0;0;0;0;0;0;0;0
viral;0;0;0;0;0;0;1;0;0;0;0;0;0;0;0;0;0;0;0;0;0;1;0;1;2;3;0;0;5;1;13;0;0;10;0;0
molecule;0;0;2;1;1;0;0;0;0;0;0;0;0;0;0;0;0;0;0;1;4;10;23;34;45;18;13;11;8;6;2;24;31;9;6;2
contain;0;0;0;0;0;0;0;1;1;1;0;0;0;0;0;0;0;0;1;1;2;4;3;7;6;7;3;8;7;9;13;7;9;15;18;8
environmental;0;0;0;0;0;0;0;0;0;0;0;0;1;1;0;0;0;3;17;10;21;78;20;29;68;65;57;56;65;61;59;53;55;37;73;22
evokes;0;0;0;0;0;0;0;0;0;0;0;0;0;0;0;0;2;0;0;1;0;0;0;0;0;0;0;0;0;0;0;0;0;0;0;0
display;0;0;0;0;0;0;0;0;0;0;2;1;0;2;0;2;0;0;0;1;1;6;3;7;8;8;6;14;7;17;5;9;9;2;4;0
developed;0;0;0;0;0;0;0;0;0;0;0;2;1;2;2;1;0;9;20;31;44;56;54;79;110;117;80;101;98;97;116;139;163;117;112;69
available;0;1;1;0;0;0;0;0;0;0;0;0;0;1;1;0;1;7;14;27;30;42;43;46;95;82;62;74;87;87;100;83;115;105;84;52
small;0;0;0;0;0;2;0;0;0;0;0;0;1;2;2;2;0;1;10;8;15;5;12;11;45;38;29;27;27;42;59;56;43;48;32;14
commercial;0;0;0;0;0;0;0;0;0;0;0;0;0;3;1;1;0;1;6;2;1;3;6;7;12;4;9;9;12;14;19;19;13;43;19;10
course;0;3;1;0;0;0;0;0;0;0;0;0;1;3;1;0;0;3;32;22;31;54;49;67;91;94;84;83;84;130;138;99;140;144;127;84
lattice;0;0;0;0;0;1;0;0;0;0;0;0;0;0;0;0;0;0;0;0;0;0;2;0;0;6;1;1;0;1;4;3;3;0;9;9
organizational;0;0;0;0;0;0;0;0;0;0;0;0;0;0;0;8;0;0;5;11;4;9;5;19;6;8;5;21;20;25;7;20;4;18;10;3
stimulates;0;0;0;0;0;0;0;0;0;0;2;0;0;0;0;0;0;0;0;0;0;0;0;0;0;1;0;1;0;0;0;1;1;1;0;0
time;0;0;2;1;1;0;0;0;0;0;0;1;0;2;1;1;0;6;11;13;31;37;43;46;55;87;54;67;86;94;128;119;155;121;106;99
vector;0;0;7;0;0;0;0;0;0;0;0;0;0;0;0;1;0;0;0;0;0;0;0;0;0;1;3;1;2;2;6;1;5;3;10;2
investigation;0;0;0;0;0;0;0;1;1;1;0;0;0;0;0;4;0;2;1;5;3;12;8;17;22;23;9;13;11;19;25;15;27;29;34;9
coat;0;0;0;0;0;0;1;0;0;0;0;0;0;0;0;0;0;0;0;0;0;0;0;2;4;0;1;1;1;0;0;0;1;0;0;0
nucleus;0;0;0;0;0;0;1;0;0;0;0;0;0;0;0;0;0;0;0;0;0;2;0;0;1;2;1;2;0;0;0;2;2;0;1;7
community;0;0;0;0;0;0;0;0;0;0;0;1;1;13;12;0;1;26;50;49;119;107;155;166;214;241;236;243;287;326;306;392;317;414;375;185
ethical;0;0;0;0;0;0;0;0;0;0;0;0;0;0;7;0;0;0;0;3;0;1;0;1;2;2;5;3;0;3;1;29;11;0;11;2
molecular;0;0;4;0;0;0;0;0;0;0;0;0;0;0;0;0;0;0;1;0;13;18;15;30;33;36;23;29;12;17;16;34;39;23;27;8
impact;0;0;0;0;0;0;0;0;0;0;0;0;1;0;0;0;0;6;18;36;59;86;95;128;243;203;158;195;201;160;221;237;232;556;559;270
quantitative;0;1;0;0;0;0;0;0;0;0;0;0;1;0;0;2;0;1;0;1;1;5;3;11;15;18;10;10;13;14;16;23;19;15;10;11
force;0;0;0;0;0;0;0;0;0;0;0;0;0;4;0;0;0;0;2;1;6;3;14;16;16;20;12;14;3;16;8;18;57;14;22;5
calculation;0;0;4;0;0;0;0;0;0;0;0;0;0;0;0;0;0;0;0;0;0;21;5;0;11;19;8;16;11;12;7;16;25;4;6;12
external;0;1;0;0;0;0;0;0;0;0;0;0;0;2;0;0;0;0;3;3;5;1;2;6;15;14;8;11;14;14;12;11;18;17;18;10
researcher;0;0;1;0;0;0;0;0;0;0;2;0;1;2;1;0;0;7;31;30;37;58;85;113;128;158;113;163;160;181;213;224;257;213;242;143
hydrologic;0;0;0;0;0;0;0;0;0;0;0;0;0;0;0;0;0;0;0;46;1;5;25;12;14;2;6;8;8;2;2;0;15;36;20;6
hand;0;0;0;0;0;0;0;0;0;0;0;2;0;1;0;1;0;0;3;1;1;2;2;5;5;7;1;10;8;14;15;17;17;9;7;2
prototype;0;0;0;0;0;0;0;0;0;0;0;0;2;0;0;0;0;0;2;25;2;11;18;9;15;21;17;17;18;21;41;37;31;14;20;13
communication;0;0;1;0;0;0;0;0;0;0;2;6;0;0;1;3;1;16;19;10;11;21;43;46;61;72;63;53;94;80;134;98;113;127;99;34
economy;0;0;0;0;0;0;0;0;0;0;0;0;0;0;3;0;0;0;1;4;4;5;5;12;17;9;3;9;9;12;18;15;15;26;29;14
fivefold;0;0;0;0;0;0;1;0;0;0;0;0;0;0;0;0;0;0;0;0;0;0;0;0;0;0;0;0;0;0;0;0;0;0;0;0
build;0;0;0;0;0;0;0;0;0;0;0;0;1;0;0;3;1;5;19;14;22;22;31;30;55;63;50;55;75;91;83;97;93;98;90;62
infrastructure;0;0;0;0;0;0;0;0;0;0;2;0;0;0;0;0;0;15;35;64;55;76;64;91;115;124;90;137;151;181;272;343;222;183;209;77
experiment;0;1;0;0;0;0;0;0;0;0;0;1;1;1;2;0;2;3;10;10;19;19;21;44;72;42;44;28;42;38;65;64;93;68;29;19
analytical;0;1;0;0;0;0;0;0;0;0;0;0;0;1;0;2;0;0;2;2;9;17;1;10;22;12;11;11;15;15;17;17;32;10;12;9
diffraction;0;0;0;0;0;0;2;0;0;0;0;0;0;0;0;0;0;1;0;2;0;4;1;2;2;4;0;1;5;0;0;0;4;0;0;0
field;0;0;0;0;0;0;0;0;0;0;0;0;1;2;1;1;0;5;3;10;19;26;17;37;53;87;35;44;67;66;89;91;105;85;149;40
antibody;0;0;0;0;0;0;1;0;0;0;0;0;0;1;0;0;0;0;0;0;0;0;0;2;0;1;0;0;0;0;0;0;0;0;0;0
base;0;0;2;0;0;0;0;0;0;0;0;1;0;1;0;1;0;6;12;32;36;41;51;60;97;114;90;77;108;115;153;106;154;119;113;61
around;0;1;0;0;0;0;0;0;0;0;0;0;0;0;1;0;0;3;3;8;2;10;17;14;21;31;16;31;35;31;26;31;52;40;29;19
space;0;0;0;0;0;0;0;0;0;0;3;1;0;0;0;0;0;6;4;5;6;11;10;8;20;41;16;17;26;48;55;29;45;50;52;25
give;0;0;1;0;0;0;0;0;0;0;0;3;0;0;0;1;0;4;5;4;11;17;19;20;28;28;25;26;35;33;34;55;56;52;32;16
merit;0;0;0;0;0;0;0;0;0;0;0;0;0;0;0;0;0;0;9;13;22;17;31;33;54;55;45;53;35;18;15;14;18;358;387;183
meaning;0;0;0;0;0;0;0;0;0;0;0;0;0;0;0;0;6;0;2;0;1;0;1;0;3;4;3;0;3;5;2;4;7;8;2;0
restorative;0;0;0;0;0;0;0;0;0;0;0;0;0;0;0;0;9;0;0;0;0;0;0;0;0;0;0;0;0;0;0;0;0;0;0;1
internet;0;0;0;0;0;0;0;0;0;0;0;0;0;1;2;2;0;21;7;36;10;14;16;26;41;36;32;28;51;61;48;50;82;69;60;27
critical;0;0;0;0;0;0;0;0;0;0;0;0;0;0;0;2;1;7;16;23;29;39;35;50;62;69;39;82;93;95;138;184;143;121;113;46
antiquate;0;1;0;0;0;0;0;0;0;0;0;0;0;0;0;0;0;0;0;0;0;0;0;0;0;1;0;0;0;0;0;0;0;0;0;0
tool;0;0;0;0;0;1;0;0;0;0;0;1;1;0;1;0;0;12;51;36;79;105;148;177;184;228;156;207;209;215;264;250;333;272;249;137
comprehensive;0;0;0;0;0;0;0;0;0;0;0;0;1;0;0;4;0;1;5;4;8;8;14;13;28;27;16;27;16;17;31;32;44;31;27;20
proposal;0;0;7;0;0;1;0;0;0;0;0;1;0;3;0;2;0;7;24;26;35;42;46;63;78;80;36;37;43;75;54;43;37;41;31;21
prototyping;0;0;0;0;0;0;0;0;0;0;0;2;0;0;3;0;0;0;2;0;3;0;3;1;6;4;5;3;4;2;2;3;4;2;8;2
mathematical;0;0;0;0;0;0;0;1;1;1;0;0;1;0;0;1;0;4;14;5;0;4;2;10;13;16;9;10;17;17;34;29;26;18;28;12
internal;0;0;0;2;2;0;0;1;1;1;0;0;0;0;0;2;0;0;8;0;0;2;1;3;5;5;2;2;4;7;9;11;4;16;12;1
modern;0;1;0;1;1;0;0;0;0;0;0;0;0;0;0;0;0;2;12;3;7;3;15;6;24;25;9;28;26;23;37;41;37;33;49;22
mass;0;1;0;1;1;0;0;0;0;0;0;0;0;0;0;0;0;0;1;1;0;2;17;10;27;11;4;3;3;4;7;13;4;5;9;5
various;0;0;1;3;3;0;1;0;0;0;0;1;0;0;0;0;0;3;3;10;15;11;28;15;31;47;30;38;35;30;62;56;58;71;68;30
derive;0;0;0;2;2;0;0;0;0;0;0;0;0;0;0;0;0;1;1;3;3;6;4;7;4;11;9;9;3;13;21;12;13;6;15;7
administrative;0;0;0;0;0;0;0;0;0;0;0;0;0;0;0;4;0;0;0;0;3;2;0;1;0;2;2;2;5;1;3;5;0;2;1;3
identify;0;0;1;0;0;0;0;0;0;0;0;1;0;3;2;2;0;3;16;13;25;33;37;45;78;59;49;62;95;80;100;117;102;112;75;43
primary;0;0;0;0;0;0;1;0;0;0;0;0;0;0;0;0;0;1;4;5;8;9;11;16;13;20;19;22;18;17;25;18;26;19;19;12
receptor;0;0;4;0;0;0;1;0;0;0;0;0;0;0;0;0;0;0;0;0;0;0;2;2;2;0;0;0;1;0;0;0;0;0;3;0
help;0;0;0;0;0;0;0;0;0;0;0;1;0;0;0;2;0;3;8;6;29;28;36;39;46;85;75;68;144;120;159;148;150;95;136;67
recognize;0;0;0;0;0;0;1;0;0;0;0;0;0;0;0;0;0;3;7;2;6;3;5;9;5;12;9;7;11;11;17;20;14;13;7;6
booth;0;0;0;0;0;0;0;0;0;0;1;0;0;0;0;0;0;0;0;0;0;0;0;1;0;0;0;1;0;1;0;0;0;0;0;0
need;0;0;0;1;1;0;0;0;0;0;0;0;1;2;2;2;0;12;47;46;54;77;66;95;121;115;94;127;201;174;190;213;229;246;236;115
another;0;0;0;0;0;1;0;0;0;0;0;0;0;0;0;0;4;1;2;2;4;7;10;13;5;10;15;8;11;14;9;16;20;9;16;1
database;0;0;0;0;0;0;0;0;0;0;0;0;0;0;0;2;0;10;28;6;28;28;19;39;37;44;17;33;21;35;40;28;46;24;29;16
operation;0;0;0;0;0;0;0;0;0;0;0;0;1;0;0;4;0;3;6;11;18;10;17;16;36;39;25;31;57;58;72;61;92;67;80;28
fault;0;0;0;0;0;0;0;0;0;0;0;0;0;4;0;0;0;2;0;5;0;1;4;7;3;6;7;1;9;21;14;19;14;11;8;14
participate;0;0;0;0;0;0;0;0;0;0;0;0;0;0;3;0;0;0;12;5;15;21;40;22;61;40;66;44;39;41;60;53;44;44;50;35
core;0;0;0;0;0;0;1;0;0;0;0;1;0;0;0;0;0;0;2;6;9;6;7;11;33;23;26;37;22;42;32;47;40;43;36;28
positive;0;0;0;0;0;0;0;0;0;0;0;0;0;3;1;0;1;2;1;0;6;0;1;1;7;4;3;4;5;12;7;11;5;6;6;3
scientist;0;0;0;0;0;2;0;1;1;1;3;0;0;0;0;0;1;4;14;24;45;91;70;74;102;102;71;132;134;99;75;119;85;100;110;49
generally;0;0;0;1;1;1;0;0;0;0;0;0;0;0;0;0;0;0;2;1;2;5;8;4;6;5;6;6;7;3;1;7;11;8;8;2
workshop;0;0;0;0;0;0;0;1;1;1;0;0;0;8;0;0;0;10;66;54;45;127;148;127;92;146;95;167;161;146;149;196;97;154;146;71
machining;0;0;0;0;0;0;0;0;0;0;0;0;4;0;0;0;0;0;0;0;0;0;0;1;0;0;0;0;3;0;2;3;0;0;0;0
phase;0;0;0;1;1;0;1;0;0;0;0;1;0;4;0;0;0;0;5;0;0;29;10;16;18;23;14;12;25;14;20;20;31;18;23;21
manufacturing;0;0;0;0;0;0;0;0;0;0;0;0;3;0;3;0;0;1;1;0;8;3;9;13;10;11;8;10;15;26;115;44;68;58;70;31
design;0;0;4;2;2;0;0;0;0;0;0;6;2;2;8;3;0;8;23;57;58;96;131;196;196;216;145;243;277;337;488;373;459;332;379;153
objective;0;0;2;0;0;0;0;2;2;2;0;0;1;1;0;1;0;5;9;8;23;27;31;37;79;58;44;51;57;55;81;81;75;103;72;31
determine;0;0;1;2;2;0;0;0;0;0;0;1;0;1;1;1;0;4;4;17;7;12;10;26;28;15;18;19;21;18;23;34;35;23;36;7
emphasis;0;0;1;0;0;0;0;0;0;0;2;1;0;0;0;0;1;3;4;2;4;7;6;4;9;8;10;13;5;14;16;26;16;17;13;4
evaluate;0;0;1;0;0;0;0;0;0;0;0;1;2;0;0;2;0;1;6;4;11;18;13;24;36;34;32;31;44;43;62;56;68;68;59;20
present;0;0;0;2;2;0;0;0;0;0;0;1;0;0;1;4;1;2;7;7;10;21;18;19;31;32;24;43;37;24;47;38;30;41;27;40
free;0;0;0;0;0;1;0;0;0;0;0;0;1;0;0;0;0;1;1;1;2;4;1;9;21;14;5;8;8;15;10;11;19;9;8;6
integrate;0;0;0;0;0;0;0;0;0;0;1;0;0;0;0;2;1;4;18;26;51;53;53;68;117;118;103;134;112;129;141;152;172;183;165;62
role;0;0;0;0;0;0;0;0;0;0;0;0;0;0;0;0;0;11;10;11;16;16;17;27;35;53;36;37;54;41;35;60;55;41;34;49
area;0;0;2;1;1;1;0;4;4;4;2;2;2;2;0;1;0;12;43;23;45;73;70;73;138;127;91;112;111;136;168;187;154;152;180;68
studio;0;0;0;0;0;0;0;0;0;0;0;2;0;0;0;0;0;0;0;0;0;0;3;0;8;0;0;1;0;1;8;4;0;0;2;0
metabolic;0;0;0;6;6;0;0;0;0;0;0;0;2;4;0;0;0;0;0;0;0;1;0;1;2;0;0;3;1;13;0;0;1;1;1;1
renovation;0;0;0;0;0;0;0;0;0;0;3;0;0;0;0;0;0;0;0;0;0;0;0;0;0;33;0;0;0;0;1;0;0;0;0;0
heat;0;0;0;0;0;0;0;0;0;0;0;0;0;3;0;0;0;0;0;5;0;2;8;0;1;0;0;6;4;4;2;8;5;3;1;0
biotechnology;0;0;0;2;2;0;0;0;0;0;0;0;2;0;0;0;0;0;1;1;0;1;2;7;5;2;2;5;0;0;3;0;3;4;1;0
security;0;0;0;0;0;0;0;0;0;0;0;0;0;4;0;0;0;17;84;49;54;37;47;63;96;149;140;171;241;231;339;387;426;369;329;117
purpose;0;0;0;2;2;0;0;0;0;0;0;0;1;0;2;0;0;0;4;9;2;15;13;13;12;20;11;14;25;17;20;19;17;15;15;5
learn;0;1;1;0;0;0;0;0;0;0;0;4;0;0;1;1;0;3;26;17;30;46;77;112;179;176;187;194;294;318;375;418;306;339;425;198
computational;0;0;3;3;3;1;0;2;2;2;3;0;0;0;0;0;0;1;13;22;49;110;67;103;175;159;126;119;128;130;138;236;177;151;210;99
idea;0;0;0;1;1;0;0;0;0;0;0;0;0;3;0;0;0;1;6;8;7;14;15;18;16;37;30;29;25;50;44;43;44;39;54;15
situation;0;0;0;4;4;0;0;0;0;0;0;0;0;0;0;0;2;1;2;4;2;1;6;6;7;5;8;5;17;12;19;16;16;7;8;7
arrangement;0;0;0;0;0;0;0;0;0;0;0;0;0;0;0;4;0;0;3;0;1;2;2;6;11;6;3;5;2;4;0;1;8;1;4;2
government;0;0;0;0;0;1;0;0;0;0;0;0;1;2;0;6;0;7;10;3;16;32;13;22;28;36;29;40;42;62;41;60;75;79;84;43
gauge;0;0;0;0;0;1;0;0;0;0;0;0;0;0;0;0;0;0;0;2;0;0;0;0;3;1;3;1;2;1;5;4;3;1;1;1
defect;0;0;0;2;2;0;0;0;0;0;0;0;0;0;0;0;0;0;0;0;1;3;2;1;2;2;3;13;4;10;15;5;10;1;0;4
sort;0;0;0;0;0;0;0;1;1;1;0;0;0;0;0;0;0;0;2;1;0;1;0;0;1;0;0;0;2;2;1;0;2;0;0;0
innovative;0;0;1;0;0;0;0;0;0;0;0;2;0;0;0;0;0;1;4;5;17;14;24;21;38;36;32;47;28;56;73;48;40;59;51;24
reality;0;0;0;0;0;0;0;0;0;0;0;8;0;0;0;0;0;0;6;0;3;3;2;13;6;3;5;5;9;11;19;11;33;12;28;3
dynamic;0;0;1;1;1;1;0;1;1;1;0;0;0;2;0;0;0;7;5;5;18;42;39;60;67;65;55;43;77;62;114;100;123;90;122;45
service;0;0;0;0;0;0;0;0;0;0;0;0;4;0;1;0;3;12;20;32;44;16;88;39;81;93;77;69;92;81;101;121;102;116;106;40
make;0;0;0;1;1;0;0;0;0;0;0;0;1;0;3;0;1;6;23;16;38;61;62;93;118;118;113;124;147;162;196;189;206;220;200;76
procedure;0;0;0;1;1;0;0;2;2;2;0;0;0;0;0;0;0;1;2;3;6;2;1;4;5;8;4;4;20;15;10;7;13;11;14;5
propose;0;0;3;1;1;0;0;0;0;0;0;0;1;1;1;1;1;8;18;30;28;50;67;64;105;157;82;75;99;109;159;129;176;170;131;59
computation;0;0;0;1;1;1;0;0;0;0;1;0;0;0;0;0;0;2;7;2;3;24;26;21;37;34;27;25;43;34;29;47;67;52;47;19
state;0;0;1;0;0;0;0;0;0;0;0;0;2;8;0;0;0;7;11;15;10;58;40;25;83;94;43;59;58;68;85;66;82;112;116;56
explore;0;0;1;0;0;0;0;0;0;0;0;1;0;0;3;0;1;2;5;11;11;15;16;27;38;48;39;29;59;66;75;76;68;59;82;27
computerize;0;1;0;0;0;0;0;0;0;0;0;0;2;0;0;0;0;0;1;0;0;1;0;0;0;1;0;0;0;0;3;1;1;1;0;0
goal;0;0;0;2;2;0;0;0;0;0;0;0;0;2;3;0;1;9;21;27;45;63;42;85;90;126;67;105;113;124;156;193;206;174;180;93
share;0;0;1;2;2;0;0;0;0;0;0;0;0;0;2;0;0;7;8;41;28;31;64;55;56;82;65;90;91;122;119;143;167;152;147;57
commitment;0;0;0;0;0;0;0;0;0;0;0;0;0;0;0;0;2;0;0;2;2;0;4;4;3;2;2;3;1;2;0;11;5;4;2;2
game;0;0;0;0;0;0;0;0;0;0;0;0;0;0;19;0;0;0;2;1;2;7;8;17;11;12;13;16;6;15;35;53;34;13;14;16
capture;0;0;0;0;0;0;0;0;0;0;1;0;0;3;0;1;0;1;1;5;1;4;13;8;11;18;10;17;16;18;29;26;41;43;23;17
analog;0;1;0;0;0;0;0;0;0;0;0;0;0;0;0;0;0;0;0;2;0;1;0;1;1;9;0;3;0;1;1;9;3;7;2;0
important;0;0;3;2;2;0;0;0;0;0;0;0;2;0;0;0;0;10;15;14;24;34;27;41;71;69;58;59;79;74;100;88;94;81;89;60
equation;0;0;0;2;2;0;0;0;0;0;0;0;0;0;0;0;0;1;1;0;0;2;1;2;1;10;2;7;3;5;5;15;2;10;9;4
algebra;0;0;0;0;0;1;0;0;0;0;0;0;0;0;0;0;0;17;4;0;0;0;1;0;0;3;0;4;5;5;8;6;3;1;3;1
step;0;0;0;0;0;0;0;0;0;0;1;0;0;0;0;0;0;3;3;1;8;16;5;6;19;12;11;23;20;12;12;16;20;17;10;8
held;0;0;0;0;0;0;0;2;2;2;0;0;0;0;2;0;0;2;7;5;5;16;20;16;13;19;15;16;22;15;14;20;15;15;8;11
animal;0;0;0;0;0;0;1;0;0;0;0;1;0;0;0;0;0;0;1;1;1;11;5;0;5;3;3;14;11;3;4;5;12;13;3;5
spike;0;0;0;0;0;0;1;0;0;0;0;0;0;0;0;0;0;0;0;0;0;0;0;0;0;0;0;0;1;0;0;1;1;0;0;0
multidisciplinary;0;0;0;0;0;0;0;0;0;0;2;0;0;0;0;0;0;5;3;4;9;12;13;16;23;27;9;11;21;19;14;21;25;23;27;15
level;0;1;0;2;2;0;0;0;0;0;0;0;0;0;0;4;1;5;21;13;29;27;42;53;96;84;70;56;83;68;108;110;110;87;109;34
engineer;0;0;0;0;0;0;0;1;1;1;2;0;2;0;2;0;0;1;8;7;17;30;37;23;29;38;22;35;35;56;56;80;66;43;66;14
electrochemical;0;3;0;0;0;0;0;0;0;0;0;0;0;0;0;0;0;0;0;0;0;0;0;4;3;0;1;0;0;0;0;1;0;1;1;0
astronomy;0;0;0;0;0;0;0;1;1;1;0;0;0;0;0;0;0;0;2;0;0;8;4;0;13;13;5;2;7;14;7;15;9;10;15;0
parallel;0;0;0;5;5;0;0;0;0;0;1;0;0;0;0;0;0;0;6;9;4;12;26;9;26;27;12;15;13;15;22;24;37;31;41;14
develop;0;0;2;3;3;0;0;1;1;1;0;5;0;2;1;4;1;9;37;64;69;129;140;159;247;315;198;199;276;230;340;355;430;384;401;192
inspection;0;0;0;0;0;0;0;1;1;1;0;0;0;0;0;0;0;0;0;0;0;2;0;0;1;1;1;0;2;8;5;1;1;2;1;2
industry;0;0;0;0;0;0;0;0;0;0;0;1;3;0;0;0;0;4;12;12;19;16;34;43;55;50;42;71;63;56;104;103;125;153;157;58
fund;0;0;0;0;0;0;0;0;0;0;2;0;0;0;1;0;0;2;10;11;10;11;28;23;129;91;24;59;34;76;52;85;35;43;79;41
agency;0;0;0;0;0;0;0;0;0;0;0;0;0;0;0;16;1;4;9;3;20;13;18;20;20;35;29;23;28;35;16;36;32;41;40;22
technology;0;1;0;0;0;0;0;0;0;0;3;1;2;0;2;6;0;23;49;59;87;90;123;134;206;179;179;179;219;277;361;315;278;271;264;115
medicine;0;0;0;0;0;0;0;1;1;1;0;0;0;0;0;0;0;0;1;0;1;0;5;7;5;12;4;5;7;6;9;12;15;9;14;3
public;0;0;0;0;0;0;0;0;0;0;0;1;0;0;1;16;0;5;13;19;38;32;30;33;160;136;40;55;83;66;83;68;116;105;93;42
commercially;0;1;0;0;0;0;0;0;0;0;0;0;0;0;0;0;0;0;0;0;0;1;0;1;0;1;1;1;5;0;0;1;0;1;0;0
conference;0;0;0;0;0;0;0;1;1;1;0;0;4;0;3;0;0;3;8;14;3;3;36;14;38;33;23;45;34;38;57;64;68;56;94;13
senior;0;1;0;0;0;0;0;0;0;0;0;0;0;0;0;0;0;0;3;5;1;17;7;0;16;7;13;9;7;6;4;21;6;6;6;3
modernization;0;0;0;0;0;0;0;0;0;0;2;0;0;0;0;0;0;0;1;0;0;0;0;0;0;5;1;0;0;0;1;0;5;2;1;0
arbitrarily;0;0;0;2;2;0;0;0;0;0;0;0;0;0;0;0;0;0;0;0;0;0;0;0;0;0;0;0;1;0;0;0;0;0;0;0
rapid;0;0;0;0;0;0;0;0;0;0;0;0;0;4;4;1;0;0;1;2;8;11;12;7;13;18;12;18;17;12;28;34;32;30;35;9
ligand;0;0;3;0;0;0;0;0;0;0;0;0;0;0;0;0;0;0;0;0;1;0;4;1;1;0;0;0;0;0;0;3;0;0;0;0
scale;0;0;0;0;0;4;0;0;0;0;0;0;1;2;0;0;0;5;11;11;23;26;34;43;81;90;55;70;56;42;84;97;108;79;93;72
ego;0;0;0;0;0;0;0;0;0;0;0;0;0;0;0;0;2;0;0;0;0;0;0;0;0;0;0;0;0;0;0;0;0;0;0;0
range;0;0;0;0;0;0;0;0;0;0;0;0;4;0;0;1;0;5;9;17;18;34;38;38;72;88;52;50;60;82;70;82;119;107;88;39
restore;0;0;0;0;0;0;0;0;0;0;0;0;0;0;0;0;4;0;1;0;1;2;1;0;2;1;1;0;0;2;0;0;7;2;3;1
cyberinfrastructure;0;0;0;0;0;0;0;0;0;0;0;0;0;0;0;0;0;6;24;46;84;168;132;145;187;236;102;170;135;118;103;169;164;144;186;100
compute;0;0;0;0;0;0;1;0;0;0;3;0;0;0;0;0;0;8;20;33;70;77;75;88;118;148;66;133;122;142;170;235;263;275;232;194
replace;0;1;0;0;0;0;0;0;0;0;1;0;0;1;0;1;0;0;0;1;1;2;6;3;3;5;0;2;3;5;5;5;6;1;2;0
value;0;0;1;0;0;0;0;0;0;0;0;0;0;0;5;0;0;3;1;2;12;4;9;9;22;12;24;20;18;25;28;38;31;26;25;7
take;0;0;0;0;0;0;0;0;0;0;0;1;1;1;0;1;2;3;13;7;11;29;22;17;53;39;20;44;51;55;72;59;62;67;47;25
mission;0;0;0;0;0;0;0;0;0;0;0;0;0;0;0;0;0;1;3;4;4;2;2;8;6;2;9;14;10;32;29;28;28;402;438;184
maintain;0;0;0;0;0;0;0;0;0;0;0;2;0;0;0;0;3;1;6;10;4;6;13;8;24;15;21;21;20;30;33;39;44;37;33;17
society;0;0;0;0;0;1;0;0;0;0;0;0;0;0;3;0;0;2;9;10;13;17;12;18;34;32;22;35;37;39;51;52;51;72;55;27
scanner;0;0;0;0;0;0;0;0;0;0;1;0;2;0;0;0;0;1;0;0;0;0;0;0;0;0;0;0;0;1;0;4;7;1;0;0
group;0;0;0;0;0;2;0;0;0;0;0;1;0;0;3;2;0;6;18;21;40;79;81;90;128;147;100;96;102;107;99;147;105;126;111;62
affect;0;0;0;0;0;0;0;0;0;0;0;0;0;0;0;0;4;0;1;4;8;7;6;16;12;13;15;11;22;13;28;35;36;27;29;5
building;0;0;0;0;0;0;1;0;0;0;2;0;0;0;0;0;0;7;8;21;28;31;47;36;59;55;49;114;67;103;105;105;91;153;105;31
chemical;0;1;0;0;0;0;0;0;0;0;0;2;1;1;0;0;0;2;0;7;5;27;18;22;54;41;30;30;12;13;31;27;34;19;25;26
application;0;0;5;0;0;1;0;0;0;0;2;1;0;2;0;1;0;8;18;45;67;81;120;97;154;184;119;119;170;196;246;219;253;236;232;124
interfaced;0;1;0;0;0;0;0;0;0;0;0;0;0;0;0;0;0;0;0;1;0;0;0;1;1;3;0;0;0;0;1;0;3;3;0;0
scientific;0;0;0;0;0;0;0;1;1;1;2;2;0;2;0;0;0;5;31;32;50;65;69;126;147;172;104;139;142;159;182;221;191;204;202;101
construct;0;1;0;0;0;0;0;0;0;0;1;0;0;0;0;0;0;2;2;16;7;3;5;15;20;14;6;12;13;15;26;30;27;21;13;6
attach;0;0;0;0;0;0;1;0;0;0;0;1;0;0;0;0;0;0;0;0;3;0;1;1;0;2;0;0;0;3;1;0;2;3;1;0
address;0;0;0;0;0;0;0;0;0;0;0;3;0;1;2;0;0;12;29;32;53;54;71;72;109;119;101;109;154;148;168;181;188;237;204;94
enable;0;0;1;0;0;0;0;1;1;1;0;0;0;0;0;0;0;4;11;30;43;42;40;87;149;157;107;141;136;141;193;209;240;211;250;133
outreach;0;0;0;0;0;0;0;0;0;0;0;1;0;0;0;0;2;4;5;7;20;31;36;38;76;60;45;53;43;45;60;92;67;73;81;40
education;0;0;3;0;0;0;0;0;0;0;0;1;0;0;0;0;0;18;36;25;65;62;100;138;197;248;136;184;158;203;196;232;217;208;281;122
plan;0;0;0;0;0;2;0;0;0;0;0;0;0;2;0;2;0;0;12;27;36;36;44;22;66;62;57;62;63;68;50;72;108;92;67;30
interaction;0;0;0;2;2;1;0;0;0;0;2;0;0;0;2;2;5;2;12;8;18;22;33;75;71;52;54;50;89;47;103;107;109;123;87;70
substitutability;0;0;0;0;0;0;0;0;0;0;0;0;0;0;0;0;2;0;0;0;0;0;0;0;0;0;0;0;0;0;0;0;0;0;0;0
recipient;0;0;0;0;0;0;0;0;0;0;1;0;0;0;0;0;0;0;1;1;1;2;3;0;2;5;5;6;0;12;4;1;3;7;3;12
emerge;0;0;0;0;0;0;0;0;0;0;0;0;0;0;3;0;0;0;10;14;13;23;20;24;38;50;29;38;39;44;76;82;86;72;88;33
several;0;0;0;0;0;4;0;0;0;0;1;0;0;0;0;0;0;5;12;7;13;26;33;22;45;41;28;34;40;43;60;45;71;55;69;29
personal;0;1;0;0;0;0;0;0;0;0;0;1;0;0;0;0;0;1;1;1;3;2;5;11;12;5;6;2;10;10;24;7;10;25;13;8
basic;0;0;2;0;0;0;0;0;0;0;0;1;0;0;0;0;0;2;7;4;5;3;10;11;17;24;12;16;16;16;15;18;26;26;22;10
site;0;0;0;0;0;0;2;0;0;0;0;0;0;0;0;4;0;2;17;25;31;20;20;42;56;60;54;40;39;54;58;71;47;90;40;27
intelligent;0;0;0;0;0;3;0;0;0;0;0;0;0;0;0;0;0;0;2;1;3;6;4;8;14;10;33;15;14;16;35;26;32;42;36;12
alter;0;0;0;0;0;0;0;0;0;0;0;0;0;0;0;0;3;0;1;1;1;2;1;0;3;1;2;1;0;10;4;5;6;3;4;1
attachment;0;0;0;0;0;0;1;0;0;0;0;0;0;0;0;0;0;0;0;0;0;0;0;1;0;0;0;0;0;0;0;0;0;0;1;0
crucial;0;0;0;0;0;0;0;0;0;0;1;0;0;0;0;0;1;0;1;0;2;6;3;5;7;9;2;12;9;7;11;12;18;14;11;10
recently;0;0;0;0;0;0;1;0;0;0;0;0;0;1;0;0;0;2;2;3;2;4;1;3;3;12;4;11;8;9;7;15;15;15;15;8
governance;0;0;0;0;0;0;0;0;0;0;0;0;0;0;0;6;0;0;2;0;1;1;1;2;7;19;2;4;9;12;14;15;2;10;8;1
user;0;0;2;0;0;0;0;0;0;0;0;6;0;0;3;0;0;4;11;35;68;38;71;67;104;77;86;79;118;127;116;182;189;159;146;151
biochemical;0;0;0;0;0;0;0;0;0;0;0;0;4;0;0;0;0;1;0;0;0;0;0;1;4;1;1;2;0;2;6;0;0;2;1;2
likely;0;0;0;0;0;1;0;0;0;0;0;0;0;3;0;3;0;0;4;0;4;7;5;8;14;10;6;17;14;22;9;12;10;12;18;2
nation;0;0;0;0;0;0;0;0;0;0;0;0;0;1;0;3;0;0;8;7;11;11;10;14;31;33;14;18;28;28;43;33;45;52;60;17
skill;0;0;0;0;0;0;0;0;0;0;0;2;0;0;0;1;2;1;6;5;8;8;20;23;35;53;37;46;66;59;89;105;82;112;85;45
virtual;0;0;0;0;0;0;0;0;0;0;0;13;0;0;4;0;0;1;18;4;19;20;60;77;107;84;46;52;77;60;50;42;43;36;53;15
real;0;0;1;0;0;0;0;0;0;0;0;2;0;1;3;1;0;1;4;2;6;10;4;21;18;23;15;13;32;32;50;51;41;37;38;15
board;0;0;0;0;0;0;0;0;0;0;0;0;0;4;0;3;0;1;1;1;2;1;2;0;3;7;5;4;7;1;2;6;4;4;9;2
international;0;0;0;0;0;2;0;0;0;0;0;0;0;0;2;0;0;1;15;14;28;27;53;33;53;127;47;53;47;50;40;46;40;32;42;7
amount;0;0;3;0;0;0;0;0;0;0;0;0;0;0;1;0;0;5;3;3;1;2;6;3;16;11;13;17;19;17;19;25;31;20;20;15
college;0;0;1;0;0;0;0;0;0;0;0;0;0;0;1;1;0;11;33;26;41;11;40;24;60;76;72;64;66;77;74;65;68;111;127;37
create;0;0;0;0;0;0;0;0;0;0;5;0;1;0;3;2;0;12;16;16;44;51;62;76;107;90;84;108;109;90;123;184;163;143;144;71
provide;0;0;1;2;2;1;0;0;0;0;3;0;2;1;2;9;1;18;47;83;127;136;160;180;297;381;227;249;308;322;427;498;433;419;377;227
variety;0;1;1;1;1;1;0;0;0;0;0;0;0;0;1;2;0;3;2;6;9;8;15;19;45;30;27;26;43;32;78;56;45;49;48;26
shape;0;0;0;3;3;0;0;0;0;0;0;1;1;0;0;0;0;0;2;1;4;6;13;9;6;2;8;16;13;8;23;21;8;16;26;10
neuroscience;0;0;0;0;0;0;0;2;2;2;0;0;0;0;0;0;0;0;11;0;0;2;3;2;1;2;1;4;0;4;2;35;29;3;11;10
experimental;0;0;0;0;0;0;0;0;0;0;0;0;2;1;1;1;0;3;11;8;14;30;10;27;52;63;20;25;29;42;46;104;96;39;41;23
effort;0;0;0;0;0;0;0;0;0;0;1;1;1;0;0;2;1;8;16;26;52;63;64;67;95;91;65;90;86;117;137;144;142;128;125;50
act;0;0;0;0;0;0;0;1;1;1;0;0;0;0;0;0;3;1;2;1;1;0;3;6;9;5;6;8;18;10;8;10;7;12;10;3
spectrometer;0;0;0;0;0;0;0;0;0;0;0;3;0;0;0;0;0;0;0;0;0;0;7;13;47;5;6;1;2;1;1;3;1;5;1;0
future;0;0;0;0;0;1;0;0;0;0;0;0;1;2;0;0;0;2;9;29;16;66;49;53;57;99;69;65;95;92;169;150;123;125;153;71
neutralize;0;0;0;0;0;0;1;0;0;0;0;0;0;0;0;0;0;0;0;0;0;0;0;0;0;0;0;0;0;1;3;0;1;0;0;0
integrates;0;0;0;0;0;0;0;0;0;0;0;2;0;0;0;0;1;0;0;6;3;1;15;12;9;9;13;13;13;6;17;24;13;21;31;15
waes;0;0;0;0;0;0;0;0;0;0;0;0;0;0;0;4;0;0;0;0;1;0;0;0;0;0;0;0;0;0;0;0;0;0;0;0
experience;0;0;2;0;0;1;0;0;0;0;0;3;0;0;4;1;1;4;10;17;20;44;42;65;80;87;73;54;75;77;93;109;112;101;127;73
designer;0;0;0;0;0;0;0;0;0;0;0;0;3;0;2;0;0;0;0;0;0;1;1;6;4;1;6;9;4;8;4;13;7;5;11;3
geoscience;0;0;0;0;0;0;0;1;1;1;0;0;0;0;0;0;0;9;9;4;4;6;1;3;1;7;3;36;24;28;9;8;19;14;20;1
radiology;0;0;0;0;0;0;0;1;1;1;0;0;0;0;0;0;0;0;0;0;0;0;0;0;0;0;0;0;0;0;0;2;0;0;0;0
regulation;0;0;1;4;4;0;0;0;0;0;0;0;0;0;0;0;0;0;1;0;0;1;4;0;6;4;1;4;1;4;10;7;5;9;7;11
planning;0;0;0;0;0;1;0;0;0;0;0;0;3;2;1;0;0;0;12;13;23;17;19;17;28;19;22;27;21;31;30;29;43;38;39;22
speed;0;0;1;2;2;0;0;0;0;0;0;0;0;0;0;0;0;0;4;6;1;2;2;7;8;12;9;6;12;13;14;20;18;20;19;12
biochemistry;0;1;0;0;0;0;0;0;0;0;0;0;0;0;0;0;0;0;0;0;0;1;1;4;8;2;0;3;2;4;0;2;3;0;0;1
symposium;0;0;0;0;0;0;0;3;3;3;0;0;0;0;0;0;0;1;2;0;9;3;2;2;1;6;1;4;7;7;19;5;14;7;12;0
see;0;0;0;0;0;0;0;0;0;0;0;0;0;0;0;0;2;0;7;3;3;4;9;6;8;18;8;11;11;20;9;17;18;9;9;4
web;0;0;0;0;0;0;0;0;0;0;0;1;0;0;0;10;0;3;12;5;11;13;20;17;29;35;30;39;36;30;23;31;28;34;20;13
body;0;0;0;0;0;0;0;2;2;2;0;0;0;0;0;0;0;0;7;12;2;3;7;7;14;20;5;16;10;13;17;21;27;12;18;7
bound;0;0;1;0;0;0;1;0;0;0;0;0;0;0;0;0;0;0;0;0;0;0;0;3;6;3;1;2;4;4;3;4;6;2;12;2
specific;0;0;1;0;0;0;1;0;0;0;0;0;1;1;0;2;0;1;9;9;14;21;24;25;39;43;26;43;47;55;48;69;88;46;61;22
chemistry;0;3;1;0;0;0;0;0;0;0;0;1;0;0;0;0;0;2;0;0;14;26;29;28;91;59;26;20;26;18;29;40;25;13;8;5
evaluation;0;0;0;2;2;0;0;0;0;0;0;1;0;0;0;2;0;3;7;6;15;19;17;33;48;43;39;18;18;40;49;50;37;387;416;183
topic;0;0;1;0;0;1;0;0;0;0;0;0;0;0;0;1;0;4;11;13;7;18;16;11;30;37;16;21;24;43;50;43;55;63;44;27
sustain;0;0;0;0;0;0;0;0;0;0;0;0;0;3;0;0;0;1;1;2;8;5;8;10;12;22;14;21;22;17;12;23;19;19;21;10
machine;0;0;3;2;2;0;0;0;0;0;0;0;0;0;0;0;0;0;6;1;6;5;4;11;26;29;15;14;32;24;67;73;84;99;156;68
cyberspace;0;0;0;0;0;0;0;0;0;0;2;0;0;2;1;0;0;3;2;1;2;1;4;5;8;8;2;9;10;13;18;22;17;6;14;7
hypothesis;0;0;0;0;0;0;0;0;0;0;0;0;0;1;0;4;1;0;0;5;2;3;3;6;12;2;6;7;10;11;4;8;21;9;11;3
code;0;0;1;3;3;0;0;0;0;0;0;0;0;0;0;0;0;1;2;2;6;20;32;14;11;39;18;33;28;35;36;54;64;57;77;31
organization;0;0;0;0;0;0;0;0;0;0;0;0;0;0;1;8;0;9;6;6;15;20;63;53;63;95;29;53;49;60;30;74;62;51;66;19
question;0;0;0;0;0;0;0;0;0;0;0;2;0;0;1;0;0;1;4;9;7;37;8;29;43;46;37;43;37;43;58;53;51;68;56;20
data;0;4;1;1;1;0;2;1;1;1;2;0;1;1;2;7;0;18;80;169;143;215;209;228;389;456;272;458;650;645;708;926;1110;952;906;429
related;0;0;0;0;0;1;0;0;0;0;0;2;0;4;0;1;0;6;13;15;13;25;24;22;45;76;36;48;34;54;76;67;52;81;82;41
conformation;0;0;2;0;0;0;0;0;0;0;0;0;0;0;0;0;0;0;0;0;1;0;2;0;6;1;0;0;0;0;0;0;1;0;0;1
cylindrical;0;0;0;0;0;0;1;0;0;0;0;0;0;0;0;0;0;0;0;0;0;1;0;0;0;0;0;0;0;0;0;0;0;0;0;0
product;0;0;0;3;3;0;0;0;0;0;0;5;2;1;3;2;0;2;8;3;9;13;32;18;43;28;13;38;43;55;67;36;42;51;50;19
neighborhood;0;0;0;0;0;0;0;0;0;0;0;0;0;0;0;0;0;10;0;0;0;0;0;0;1;0;0;2;1;6;4;7;0;2;3;0
norm;0;0;0;0;0;0;0;0;0;0;0;0;0;0;3;0;0;0;0;0;0;0;1;2;0;6;0;1;2;3;1;2;4;1;2;0
criterion;0;0;0;0;0;0;0;0;0;0;0;0;0;0;1;0;0;0;2;1;1;1;2;2;5;4;3;2;4;3;9;10;6;359;378;181
remote;0;0;0;0;0;0;0;0;0;0;2;0;0;0;1;0;0;0;3;1;11;11;17;24;28;17;19;22;24;26;26;27;20;29;31;8
understand;0;0;3;0;0;0;0;0;0;0;0;1;0;2;2;3;0;5;20;24;41;53;54;117;150;136;120;119;187;177;219;209;200;184;188;105
award;0;0;0;0;0;1;0;0;0;0;0;1;0;0;2;2;0;3;10;24;16;65;74;47;181;154;48;110;58;51;55;108;64;430;461;285
function;0;0;1;0;0;0;2;0;0;0;0;0;0;0;1;3;0;1;6;6;8;9;23;27;44;30;23;23;28;30;36;54;55;43;37;44
developer;0;0;0;0;0;0;0;0;0;0;0;2;0;0;5;0;0;0;2;5;5;18;17;9;14;16;11;15;14;12;32;22;27;31;23;3
activity;0;0;1;1;1;0;0;0;0;0;1;5;0;0;2;10;0;9;37;34;51;65;102;71;142;190;127;121;139;187;160;225;185;176;188;104
graduate;0;0;0;0;0;1;0;0;0;0;0;0;1;1;0;1;0;5;14;12;27;54;54;55;118;110;96;104;102;101;129;161;141;143;150;58
online;0;0;0;0;0;0;0;0;0;0;0;0;0;0;6;0;0;0;4;3;7;8;14;22;51;50;31;65;75;80;97;65;77;81;82;40
number;0;0;0;0;0;1;0;0;0;0;0;1;1;0;0;0;0;7;23;15;19;34;53;44;84;76;50;54;48;69;56;90;79;69;67;38
facility;0;1;0;0;0;1;0;0;0;0;1;0;0;0;1;0;0;1;11;26;26;22;28;39;51;115;30;19;26;41;47;147;55;71;39;39
republic;0;0;0;0;0;1;0;0;0;0;0;0;0;0;0;0;0;0;0;0;0;0;0;0;0;1;1;0;1;2;0;0;0;0;0;0
